Donor,Amount,Gifts,Allocation,Allocations,Campus Resource,Endowment,Scholarship,Rank,CumShare
2875,455821.0,1,Endowment,1,0.0,455821.0,0.0,1,0.018475
2898,225843.0,1,Scholarship,1,0.0,0.0,225843.0,2,0.027628
1098,81214.0,4,Endowment,3,24261.0,34812.0,22141.0,3,0.03092
1007,76074.0,4,Campus Resource,3,42622.0,6862.0,26590.0,4,0.034003
1897,73861.5,7,Endowment,3,7755.0,36799.5,29307.0,5,0.036997
1903,63922.5,7,Scholarship,3,12768.0,13347.0,37807.5,6,0.039588
2555,62467.5,3,Endowment,2,0.0,46747.5,15720.0,7,0.042119
2933,62000.0,1,Scholarship,1,0.0,0.0,62000.0,8,0.044632
2580,57792.0,3,Scholarship,2,6121.5,0.0,51670.5,9,0.046975
1906,55413.0,7,Scholarship,3,17320.0,17320.0,20773.0,10,0.049221
1950,53197.0,6,Scholarship,2,17136.0,0.0,36061.0,11,0.051377
2571,52687.5,3,Scholarship,1,0.0,0.0,52687.5,12,0.053512
1896,52525.0,7,Scholarship,2,0.0,21342.0,31183.0,13,0.055641
1904,52031.0,7,Campus Resource,3,28575.0,12575.0,10881.0,14,0.05775
2619,51630.0,4,Scholarship,2,0.0,9574.5,42055.5,15,0.059842
1893,51217.0,4,Campus Resource,2,38327.0,0.0,12890.0,16,0.061918
1891,50538.0,4,Scholarship,3,12117.0,13152.0,25269.0,17,0.063967
1933,49665.0,6,Endowment,3,15788.0,23887.0,9990.0,18,0.06598
2551,49477.5,3,Endowment,2,0.0,41020.5,8457.0,19,0.067985
2573,49161.0,3,Endowment,2,0.0,34047.0,15114.0,20,0.069977
2598,48360.0,3,Scholarship,2,0.0,14034.0,34326.0,21,0.071938
1907,48302.0,7,Scholarship,3,9434.0,14751.0,24117.0,22,0.073895
1948,47435.0,6,Campus Resource,3,23213.0,7580.0,16642.0,23,0.075818
2536,46412.0,3,Campus Resource,2,35847.0,10565.0,0.0,24,0.077699
2953,45468.0,1,Scholarship,1,0.0,0.0,45468.0,25,0.079542
1953,45354.0,6,Scholarship,3,10765.0,16338.0,18251.0,26,0.08138
1388,45206.0,5,Endowment,3,9319.0,26220.0,9667.0,27,0.083212
1935,44951.0,6,Scholarship,3,8290.0,9945.0,26716.0,28,0.085034
2577,44911.5,3,Campus Resource,2,39667.5,5244.0,0.0,29,0.086854
1914,44642.0,6,Campus Resource,3,18386.0,12342.0,13914.0,30,0.088664
1877,44589.0,4,Endowment,2,0.0,29605.0,14984.0,31,0.090471
2565,44272.0,3,Scholarship,1,0.0,0.0,44272.0,32,0.092265
2622,43858.0,4,Scholarship,2,0.0,5427.0,38431.0,33,0.094043
2575,43797.0,3,Scholarship,1,0.0,0.0,43797.0,34,0.095818
1928,43739.0,5,Scholarship,2,0.0,1624.0,42115.0,35,0.097591
2618,43503.0,4,Scholarship,3,1278.0,8019.0,34206.0,36,0.099354
1899,42319.0,7,Scholarship,3,11877.0,6979.0,23463.0,37,0.101069
2535,42249.0,3,Scholarship,2,9972.0,0.0,32277.0,38,0.102782
1946,42143.0,6,Scholarship,3,7687.0,9422.0,25034.0,39,0.10449
2585,42143.0,3,Scholarship,3,1454.0,11209.0,29480.0,40,0.106198
2564,41899.0,3,Endowment,1,0.0,41899.0,0.0,41,0.107896
1954,41611.0,6,Endowment,2,0.0,20911.0,20700.0,42,0.109582
2632,41582.0,4,Endowment,2,0.0,29060.0,12522.0,43,0.111268
2538,41529.0,3,Endowment,2,0.0,38552.0,2977.0,44,0.112951
1936,41410.5,6,Campus Resource,3,24795.0,12997.5,3618.0,45,0.114629
2553,41058.0,3,Scholarship,2,7753.0,0.0,33305.0,46,0.116293
1911,40880.0,6,Campus Resource,3,17669.0,11427.0,11784.0,47,0.11795
2625,40756.0,4,Scholarship,2,0.0,11162.0,29594.0,48,0.119602
2593,40425.0,3,Endowment,1,0.0,40425.0,0.0,49,0.121241
2556,40297.0,3,Endowment,2,0.0,32747.0,7550.0,50,0.122874
2582,40242.0,3,Endowment,1,0.0,40242.0,0.0,51,0.124505
1902,39991.0,7,Scholarship,2,5085.0,0.0,34906.0,52,0.126126
1918,39780.0,4,Endowment,1,0.0,39780.0,0.0,53,0.127738
1955,39684.0,6,Endowment,3,9735.0,19369.0,10580.0,54,0.129347
2596,39522.0,3,Endowment,3,11162.0,25562.0,2798.0,55,0.130948
1931,39171.0,6,Campus Resource,3,19134.0,15186.0,4851.0,56,0.132536
1910,38903.0,6,Campus Resource,3,21292.0,4680.0,12931.0,57,0.134113
1391,38850.0,5,Campus Resource,3,20194.0,9185.0,9471.0,58,0.135687
2591,38745.0,3,Scholarship,1,0.0,0.0,38745.0,59,0.137258
1406,38424.0,5,Endowment,3,8352.0,17034.0,13038.0,60,0.138815
1905,38004.0,7,Scholarship,3,15776.0,1737.0,20491.0,61,0.140355
1894,37719.0,7,Endowment,3,1858.0,21861.0,14000.0,62,0.141884
2599,37714.0,3,Campus Resource,3,15724.0,10020.0,11970.0,63,0.143413
2584,37102.0,3,Scholarship,3,551.0,9411.0,27140.0,64,0.144916
1852,37080.0,1,Campus Resource,1,37080.0,0.0,0.0,65,0.146419
2628,36999.0,4,Endowment,2,9411.0,27588.0,0.0,66,0.147919
2557,36723.0,3,Endowment,1,0.0,36723.0,0.0,67,0.149407
2630,36676.0,4,Campus Resource,3,14618.0,10172.0,11886.0,68,0.150894
1938,36599.0,6,Endowment,2,0.0,19582.0,17017.0,69,0.152377
1901,36379.0,7,Scholarship,2,6519.0,0.0,29860.0,70,0.153852
1913,36366.0,6,Scholarship,3,7938.0,13064.0,15364.0,71,0.155326
2563,36016.0,3,Endowment,2,0.0,24846.0,11170.0,72,0.156785
2634,35972.0,4,Scholarship,2,0.0,9874.0,26098.0,73,0.158243
2576,35803.0,3,Endowment,3,2898.0,27569.0,5336.0,74,0.159694
2558,35295.0,3,Scholarship,2,7004.0,0.0,28291.0,75,0.161125
2562,35239.0,3,Endowment,2,0.0,21227.0,14012.0,76,0.162553
1944,35238.0,6,Endowment,2,0.0,22149.0,13089.0,77,0.163981
1882,35034.0,4,Scholarship,2,7547.0,0.0,27487.0,78,0.165401
1930,35019.0,6,Endowment,2,0.0,18213.0,16806.0,79,0.166821
2627,34910.0,4,Campus Resource,3,20211.0,12471.0,2228.0,80,0.168236
2559,34843.0,3,Campus Resource,3,17521.0,10858.0,6464.0,81,0.169648
2581,34815.0,3,Campus Resource,3,20008.0,3148.0,11659.0,82,0.171059
2569,34774.0,3,Endowment,1,0.0,34774.0,0.0,83,0.172468
2554,34769.0,3,Campus Resource,2,34520.0,0.0,249.0,84,0.173878
2541,34337.0,3,Endowment,2,0.0,23023.0,11314.0,85,0.175269
2595,34197.0,3,Endowment,3,4782.0,26438.0,2977.0,86,0.176655
2544,34187.0,3,Endowment,2,0.0,33325.0,862.0,87,0.178041
2615,33716.0,3,Endowment,1,0.0,33716.0,0.0,88,0.179407
2943,33357.0,1,Scholarship,1,0.0,0.0,33357.0,89,0.180759
2549,33205.0,3,Endowment,2,0.0,22359.0,10846.0,90,0.182105
1324,33133.0,4,Campus Resource,2,25817.0,0.0,7316.0,91,0.183448
2566,32913.0,3,Scholarship,2,5074.0,0.0,27839.0,92,0.184782
1940,32793.0,6,Endowment,2,0.0,22581.0,10212.0,93,0.186111
1873,32762.0,4,Endowment,3,7243.0,23105.0,2414.0,94,0.187439
2617,32668.5,4,Campus Resource,3,24952.5,6886.5,829.5,95,0.188763
2605,32491.0,3,Scholarship,2,10973.0,0.0,21518.0,96,0.19008
1881,32286.0,4,Campus Resource,2,23331.0,0.0,8955.0,97,0.191389
2589,32143.0,3,Scholarship,2,7970.0,0.0,24173.0,98,0.192691
1926,31977.0,5,Scholarship,3,8726.0,8527.0,14724.0,99,0.193987
1939,31916.0,6,Scholarship,1,0.0,0.0,31916.0,100,0.195281
1879,31916.0,4,Campus Resource,2,15958.0,0.0,15958.0,101,0.196575
2633,31810.0,4,Scholarship,2,0.0,3925.0,27885.0,102,0.197864
2592,31771.0,3,Endowment,2,0.0,26265.0,5506.0,103,0.199152
1325,31610.0,4,Campus Resource,3,17540.0,5874.0,8196.0,104,0.200433
2626,31577.0,4,Campus Resource,3,16833.0,11103.0,3641.0,105,0.201713
2604,31199.0,3,Campus Resource,2,23855.0,0.0,7344.0,106,0.202977
2613,31042.0,3,Scholarship,1,0.0,0.0,31042.0,107,0.204235
1908,30765.0,6,Scholarship,3,3411.0,9945.0,17409.0,108,0.205482
2624,30732.0,4,Endowment,2,11783.0,18949.0,0.0,109,0.206728
2539,30577.0,3,Endowment,2,0.0,26237.0,4340.0,110,0.207967
2545,30517.5,3,Scholarship,2,10459.5,0.0,20058.0,111,0.209204
2578,30293.0,3,Endowment,2,4967.0,25326.0,0.0,112,0.210432
1886,30180.0,4,Scholarship,3,6148.0,8942.0,15090.0,113,0.211655
2587,30126.0,3,Endowment,2,0.0,26400.0,3726.0,114,0.212876
2635,30104.0,4,Endowment,2,0.0,17906.0,12198.0,115,0.214096
2607,29961.0,3,Scholarship,2,0.0,4106.0,25855.0,116,0.21531
1386,29907.0,6,Campus Resource,3,14552.0,4788.0,10567.0,117,0.216523
2781,29787.0,2,Endowment,2,0.0,14893.5,14893.5,118,0.21773
2537,29731.0,3,Endowment,2,0.0,20987.0,8744.0,119,0.218935
2601,29694.0,3,Endowment,2,0.0,19673.0,10021.0,120,0.220138
1868,29581.0,1,Campus Resource,1,29581.0,0.0,0.0,121,0.221337
1309,29559.0,3,Scholarship,1,0.0,0.0,29559.0,122,0.222535
2610,29539.0,3,Endowment,1,0.0,29539.0,0.0,123,0.223733
1333,29316.0,4,Scholarship,3,8225.0,8225.0,12866.0,124,0.224921
1883,29278.0,4,Endowment,3,4894.0,14639.0,9745.0,125,0.226107
2616,29263.0,4,Endowment,2,0.0,21036.0,8227.0,126,0.227293
1900,29190.0,7,Scholarship,3,1864.0,7840.0,19486.0,127,0.228477
1625,29151.0,2,Endowment,2,0.0,14575.5,14575.5,128,0.229658
1392,29110.0,5,Endowment,3,8893.0,11324.0,8893.0,129,0.230838
1949,29056.0,6,Campus Resource,3,21781.0,1433.0,5842.0,130,0.232016
2542,28797.0,3,Campus Resource,2,19275.0,9522.0,0.0,131,0.233183
2606,28773.0,3,Scholarship,2,0.0,12570.0,16203.0,132,0.234349
2631,28674.0,4,Campus Resource,3,22152.0,833.0,5689.0,133,0.235511
2561,28668.0,3,Scholarship,2,9521.0,0.0,19147.0,134,0.236673
1952,28651.0,6,Endowment,2,0.0,18339.0,10312.0,135,0.237834
1331,28544.0,4,Scholarship,3,4356.0,5724.0,18464.0,136,0.238991
2612,28424.0,3,Scholarship,2,0.0,5578.0,22846.0,137,0.240143
1895,28419.0,7,Campus Resource,3,10786.0,7219.0,10414.0,138,0.241295
2574,28182.0,3,Endowment,3,8248.0,17529.0,2405.0,139,0.242437
1889,28148.0,4,Endowment,2,0.0,14074.0,14074.0,140,0.243578
2546,27957.0,3,Scholarship,2,0.0,12486.0,15471.0,141,0.244711
1887,27902.0,4,Scholarship,3,7315.0,7315.0,13272.0,142,0.245842
1634,27483.0,2,Campus Resource,2,13741.5,13741.5,0.0,143,0.246956
1339,27065.0,4,Endowment,3,7152.0,12761.0,7152.0,144,0.248053
2754,26997.0,2,Endowment,2,0.0,13498.5,13498.5,145,0.249147
2588,26907.0,3,Scholarship,3,6238.0,427.0,20242.0,146,0.250238
1841,26905.0,1,Endowment,1,0.0,26905.0,0.0,147,0.251328
1588,26817.0,2,Endowment,1,0.0,26817.0,0.0,148,0.252415
1967,26486.0,3,Scholarship,2,0.0,8481.0,18005.0,149,0.253489
2044,26478.0,2,Scholarship,1,0.0,0.0,26478.0,150,0.254562
1951,26419.0,6,Scholarship,2,0.0,4256.0,22163.0,151,0.255632
1898,26338.0,7,Endowment,3,6440.0,14627.0,5271.0,152,0.2567
2570,26176.0,3,Campus Resource,2,18778.0,7398.0,0.0,153,0.257761
1957,26058.0,6,Endowment,2,0.0,25415.0,643.0,154,0.258817
1922,25894.0,3,Scholarship,2,0.0,9941.0,15953.0,155,0.259867
2629,25628.0,4,Scholarship,2,2525.0,0.0,23103.0,156,0.260905
2611,25552.0,3,Endowment,2,0.0,24555.0,997.0,157,0.261941
2583,25404.0,3,Scholarship,2,7220.0,0.0,18184.0,158,0.262971
1845,25392.0,1,Scholarship,1,0.0,0.0,25392.0,159,0.264
1912,25338.0,6,Campus Resource,3,9615.0,6230.0,9493.0,160,0.265027
1402,25302.0,4,Campus Resource,2,17224.0,8078.0,0.0,161,0.266052
2550,25231.0,3,Scholarship,1,0.0,0.0,25231.0,162,0.267075
1313,25153.0,4,Scholarship,2,0.0,10488.0,14665.0,163,0.268094
2602,25112.0,3,Scholarship,1,0.0,0.0,25112.0,164,0.269112
2597,24970.0,3,Endowment,2,0.0,22769.0,2201.0,165,0.270124
1253,24967.5,3,Scholarship,2,11460.0,0.0,13507.5,166,0.271136
2586,24878.0,3,Scholarship,1,0.0,0.0,24878.0,167,0.272144
2560,24823.0,3,Endowment,3,1615.0,15947.0,7261.0,168,0.27315
1401,24678.0,4,Scholarship,2,9164.0,0.0,15514.0,169,0.274151
2066,24643.5,2,Scholarship,2,11214.0,0.0,13429.5,170,0.275149
2543,24641.0,3,Scholarship,1,0.0,0.0,24641.0,171,0.276148
1345,24462.0,3,Endowment,2,0.0,14433.0,10029.0,172,0.27714
1342,24441.0,4,Scholarship,3,8176.0,5361.0,10904.0,173,0.27813
1880,24348.0,4,Endowment,2,0.0,17992.0,6356.0,174,0.279117
2621,24285.0,4,Endowment,3,10295.0,13716.0,274.0,175,0.280101
2568,24270.0,3,Scholarship,2,2961.0,0.0,21309.0,176,0.281085
2623,24209.0,4,Scholarship,2,0.0,6264.0,17945.0,177,0.282066
2572,24103.0,3,Scholarship,2,0.0,11876.0,12227.0,178,0.283043
2600,24057.0,3,Endowment,3,2982.0,20445.0,630.0,179,0.284018
1376,24047.0,4,Endowment,1,0.0,24047.0,0.0,180,0.284993
2552,23909.0,3,Endowment,3,208.0,13021.0,10680.0,181,0.285962
1876,23746.0,4,Endowment,2,0.0,11873.0,11873.0,182,0.286924
2594,23588.0,3,Campus Resource,2,17777.0,5811.0,0.0,183,0.28788
1405,23518.0,4,Campus Resource,3,17348.0,189.0,5981.0,184,0.288834
1308,23516.0,3,Scholarship,3,7597.0,7525.0,8394.0,185,0.289787
1330,23401.0,4,Endowment,2,0.0,14405.0,8996.0,186,0.290735
1393,23343.0,2,Endowment,2,0.0,11671.5,11671.5,187,0.291681
1979,23308.0,3,Campus Resource,3,8886.0,7211.0,7211.0,188,0.292626
1945,23181.0,6,Campus Resource,3,9582.0,9459.0,4140.0,189,0.293565
1334,23147.0,4,Endowment,2,0.0,12810.0,10337.0,190,0.294504
1340,23146.0,3,Endowment,2,6493.0,16653.0,0.0,191,0.295442
1329,23071.0,4,Endowment,2,0.0,13093.0,9978.0,192,0.296377
2603,23054.0,3,Endowment,3,11446.0,11499.0,109.0,193,0.297311
1934,23052.0,6,Scholarship,3,6092.0,3064.0,13896.0,194,0.298246
2069,22911.0,2,Scholarship,1,0.0,0.0,22911.0,195,0.299174
1808,22868.0,1,Endowment,1,0.0,22868.0,0.0,196,0.300101
1153,22725.0,2,Scholarship,1,0.0,0.0,22725.0,197,0.301022
1389,22643.0,6,Scholarship,3,2773.0,9751.0,10119.0,198,0.30194
1892,22322.0,4,Endowment,2,0.0,18826.0,3496.0,199,0.302844
1270,22287.0,3,Scholarship,2,0.0,5288.0,16999.0,200,0.303748
2579,22256.0,3,Campus Resource,3,12079.0,780.0,9397.0,201,0.30465
1919,22189.0,4,Endowment,3,3404.0,13341.0,5444.0,202,0.305549
1318,21949.0,3,Endowment,1,0.0,21949.0,0.0,203,0.306439
2540,21924.0,3,Scholarship,3,465.0,6083.0,15376.0,204,0.307327
2052,21916.5,2,Scholarship,1,0.0,0.0,21916.5,205,0.308216
1365,21860.0,3,Endowment,2,0.0,13269.0,8591.0,206,0.309102
1547,21813.0,2,Endowment,2,0.0,10906.5,10906.5,207,0.309986
1303,21660.0,3,Endowment,2,4913.0,16747.0,0.0,208,0.310864
1287,21532.0,3,Endowment,3,7371.0,8015.0,6146.0,209,0.311736
2620,21474.0,4,Scholarship,2,0.0,2931.0,18543.0,210,0.312607
1268,21470.0,3,Scholarship,1,0.0,0.0,21470.0,211,0.313477
1255,21459.0,3,Scholarship,2,9578.0,0.0,11881.0,212,0.314347
1403,21405.0,4,Scholarship,3,363.0,4090.0,16952.0,213,0.315214
1368,21339.0,3,Endowment,1,0.0,21339.0,0.0,214,0.316079
2547,21280.0,3,Endowment,2,0.0,12669.0,8611.0,215,0.316942
1917,21240.0,4,Endowment,2,2966.0,18274.0,0.0,216,0.317802
1937,21145.0,6,Scholarship,3,4750.0,3896.0,12499.0,217,0.318659
1848,21136.0,1,Scholarship,1,0.0,0.0,21136.0,218,0.319516
2614,20978.0,3,Scholarship,1,0.0,0.0,20978.0,219,0.320366
1956,20975.0,6,Scholarship,3,5715.0,1839.0,13421.0,220,0.321216
2409,20865.0,2,Scholarship,1,0.0,0.0,20865.0,221,0.322062
2400,20789.0,2,Scholarship,1,0.0,0.0,20789.0,222,0.322905
1960,20775.0,3,Endowment,2,0.0,12032.0,8743.0,223,0.323747
1884,20690.0,4,Endowment,3,2646.0,10345.0,7699.0,224,0.324585
1295,20682.0,3,Endowment,2,7126.0,13556.0,0.0,225,0.325424
1390,20652.0,5,Endowment,3,8797.0,11205.0,650.0,226,0.326261
2521,20601.0,2,Scholarship,1,0.0,0.0,20601.0,227,0.327096
3154,20578.5,1,Campus Resource,1,20578.5,0.0,0.0,228,0.32793
2417,20425.0,2,Endowment,2,9897.0,10528.0,0.0,229,0.328757
2473,20421.0,2,Scholarship,2,7338.0,0.0,13083.0,230,0.329585
3216,20353.5,1,Scholarship,1,0.0,0.0,20353.5,231,0.33041
1222,20277.0,2,Endowment,2,0.0,13920.0,6357.0,232,0.331232
2385,20176.0,2,Campus Resource,2,10679.0,9497.0,0.0,233,0.33205
1264,20133.0,3,Endowment,2,3784.0,16349.0,0.0,234,0.332866
1970,20070.0,3,Endowment,1,0.0,20070.0,0.0,235,0.333679
1583,19980.0,2,Endowment,2,0.0,9990.0,9990.0,236,0.334489
2757,19962.0,2,Endowment,1,0.0,19962.0,0.0,237,0.335298
1420,19940.0,2,Campus Resource,2,9970.0,0.0,9970.0,238,0.336106
1637,19816.0,2,Endowment,1,0.0,19816.0,0.0,239,0.336909
2396,19731.0,2,Endowment,2,0.0,9944.0,9787.0,240,0.337709
2782,19626.0,2,Scholarship,1,0.0,0.0,19626.0,241,0.338504
1404,19624.0,4,Scholarship,3,4802.0,4855.0,9967.0,242,0.3393
1885,19602.0,4,Campus Resource,3,9801.0,2468.0,7333.0,243,0.340094
1929,19584.0,6,Scholarship,3,3230.0,4474.0,11880.0,244,0.340888
1608,19566.0,2,Endowment,1,0.0,19566.0,0.0,245,0.341681
1421,19490.0,2,Campus Resource,2,9745.0,0.0,9745.0,246,0.342471
2389,19489.0,2,Scholarship,1,0.0,0.0,19489.0,247,0.343261
1942,19463.0,6,Scholarship,2,0.0,3590.0,15873.0,248,0.34405
1858,19426.0,1,Scholarship,1,0.0,0.0,19426.0,249,0.344837
1311,19403.0,4,Scholarship,2,0.0,584.0,18819.0,250,0.345624
1292,19337.0,3,Scholarship,2,0.0,7129.0,12208.0,251,0.346407
2504,19334.0,2,Scholarship,1,0.0,0.0,19334.0,252,0.347191
1266,19323.0,3,Campus Resource,2,10311.0,9012.0,0.0,253,0.347974
1417,19256.0,2,Endowment,1,0.0,19256.0,0.0,254,0.348755
1541,19200.0,2,Endowment,2,0.0,9600.0,9600.0,255,0.349533
2768,19132.0,2,Endowment,1,0.0,19132.0,0.0,256,0.350308
1584,19083.0,2,Scholarship,1,0.0,0.0,19083.0,257,0.351082
1310,19079.0,3,Campus Resource,2,10437.0,0.0,8642.0,258,0.351855
1095,19069.5,2,Campus Resource,2,11287.5,0.0,7782.0,259,0.352628
2771,19066.0,2,Endowment,1,0.0,19066.0,0.0,260,0.353401
2519,19039.5,2,Scholarship,1,0.0,0.0,19039.5,261,0.354172
2513,19022.0,2,Scholarship,2,0.0,8290.0,10732.0,262,0.354943
1306,19008.0,3,Endowment,2,0.0,12624.0,6384.0,263,0.355714
2137,19004.0,2,Campus Resource,1,19004.0,0.0,0.0,264,0.356484
1265,18994.0,3,Campus Resource,3,9273.0,7928.0,1793.0,265,0.357254
1369,18973.5,3,Scholarship,2,0.0,4942.5,14031.0,266,0.358023
1291,18939.0,3,Scholarship,1,0.0,0.0,18939.0,267,0.35879
1618,18924.0,2,Campus Resource,1,18924.0,0.0,0.0,268,0.359557
1155,18864.0,2,Scholarship,1,0.0,0.0,18864.0,269,0.360322
1171,18803.0,2,Campus Resource,2,9864.0,8939.0,0.0,270,0.361084
1398,18787.0,4,Endowment,2,0.0,10069.0,8718.0,271,0.361845
2497,18763.5,2,Endowment,1,0.0,18763.5,0.0,272,0.362606
1175,18697.0,2,Endowment,1,0.0,18697.0,0.0,273,0.363364
3029,18682.5,1,Endowment,1,0.0,18682.5,0.0,274,0.364121
2075,18673.5,2,Campus Resource,2,9720.0,0.0,8953.5,275,0.364878
1090,18667.0,2,Endowment,1,0.0,18667.0,0.0,276,0.365634
1556,18664.0,2,Endowment,1,0.0,18664.0,0.0,277,0.366391
1427,18658.0,2,Campus Resource,2,9329.0,0.0,9329.0,278,0.367147
2490,18627.0,2,Campus Resource,2,11207.0,7420.0,0.0,279,0.367902
1328,18624.0,4,Scholarship,2,0.0,5375.0,13249.0,280,0.368657
2735,18612.0,2,Scholarship,1,0.0,0.0,18612.0,281,0.369411
1514,18584.0,2,Campus Resource,2,9292.0,0.0,9292.0,282,0.370164
2418,18529.5,2,Scholarship,1,0.0,0.0,18529.5,283,0.370915
2608,18512.0,3,Scholarship,2,0.0,160.0,18352.0,284,0.371666
2590,18458.0,3,Scholarship,2,0.0,4287.0,14171.0,285,0.372414
1400,18447.0,4,Scholarship,2,431.0,0.0,18016.0,286,0.373161
2751,18440.0,2,Endowment,1,0.0,18440.0,0.0,287,0.373909
2071,18409.5,2,Campus Resource,2,11058.0,7351.5,0.0,288,0.374655
2774,18404.0,2,Endowment,2,0.0,9202.0,9202.0,289,0.375401
2548,18364.0,3,Scholarship,3,145.0,891.0,17328.0,290,0.376145
1218,18352.5,2,Campus Resource,2,10689.0,7663.5,0.0,291,0.376889
2423,18336.0,2,Scholarship,2,0.0,8940.0,9396.0,292,0.377632
1314,18332.0,4,Scholarship,2,5752.0,0.0,12580.0,293,0.378375
1535,18290.0,2,Endowment,2,0.0,9145.0,9145.0,294,0.379117
1626,18234.0,2,Endowment,2,0.0,9117.0,9117.0,295,0.379856
1399,18182.0,4,Scholarship,2,1763.0,0.0,16419.0,296,0.380593
1518,18158.0,2,Endowment,2,0.0,9079.0,9079.0,297,0.381328
1597,18132.0,2,Campus Resource,2,9066.0,9066.0,0.0,298,0.382063
1613,18124.0,2,Endowment,2,0.0,9062.0,9062.0,299,0.382798
1246,18122.0,3,Endowment,3,5687.0,8642.0,3793.0,300,0.383532
1094,18057.0,2,Scholarship,2,4717.5,0.0,13339.5,301,0.384264
1373,18052.0,3,Campus Resource,2,9979.0,0.0,8073.0,302,0.384996
1337,18037.5,4,Scholarship,2,0.0,8560.5,9477.0,303,0.385727
2744,17996.0,2,Endowment,2,0.0,8998.0,8998.0,304,0.386456
1958,17963.0,6,Endowment,3,345.0,15889.0,1729.0,305,0.387184
1609,17952.0,2,Campus Resource,1,17952.0,0.0,0.0,306,0.387912
2755,17952.0,2,Scholarship,1,0.0,0.0,17952.0,307,0.38864
1419,17910.0,2,Endowment,2,0.0,8955.0,8955.0,308,0.389366
2760,17884.0,2,Endowment,2,0.0,8942.0,8942.0,309,0.39009
1424,17884.0,2,Endowment,2,0.0,8942.0,8942.0,310,0.390815
1526,17882.0,2,Endowment,2,0.0,8941.0,8941.0,311,0.39154
2445,17809.0,2,Campus Resource,2,10727.0,7082.0,0.0,312,0.392262
1301,17806.0,3,Campus Resource,2,13555.0,0.0,4251.0,313,0.392984
1596,17786.0,2,Scholarship,1,0.0,0.0,17786.0,314,0.393704
1261,17753.0,3,Scholarship,2,0.0,2585.0,15168.0,315,0.394424
1243,17707.0,2,Campus Resource,1,17707.0,0.0,0.0,316,0.395142
2740,17638.0,2,Campus Resource,2,8819.0,8819.0,0.0,317,0.395856
1532,17632.0,2,Scholarship,1,0.0,0.0,17632.0,318,0.396571
1385,17617.0,3,Campus Resource,3,6464.0,5914.0,5239.0,319,0.397285
2391,17608.5,2,Endowment,1,0.0,17608.5,0.0,320,0.397999
1023,17601.0,2,Campus Resource,2,9344.0,8257.0,0.0,321,0.398712
1622,17578.0,2,Campus Resource,2,8789.0,0.0,8789.0,322,0.399425
2609,17575.0,3,Scholarship,2,0.0,2483.0,15092.0,323,0.400137
3306,17574.0,1,Endowment,1,0.0,17574.0,0.0,324,0.400849
1429,17536.0,2,Campus Resource,2,8768.0,8768.0,0.0,325,0.40156
1257,17519.0,3,Endowment,2,6980.0,10539.0,0.0,326,0.40227
1586,17424.0,2,Endowment,2,0.0,8712.0,8712.0,327,0.402976
2414,17391.0,2,Endowment,1,0.0,17391.0,0.0,328,0.403681
1260,17331.0,3,Scholarship,2,0.0,6757.0,10574.0,329,0.404384
1589,17330.0,2,Endowment,2,0.0,8665.0,8665.0,330,0.405086
1415,17300.0,2,Endowment,2,0.0,8650.0,8650.0,331,0.405787
1927,17293.0,5,Scholarship,3,7618.0,1848.0,7827.0,332,0.406488
2534,17277.0,3,Campus Resource,2,13380.0,0.0,3897.0,333,0.407188
1344,17250.0,3,Scholarship,2,0.0,3834.0,13416.0,334,0.407887
1994,17231.0,2,Scholarship,1,0.0,0.0,17231.0,335,0.408586
1592,17184.0,2,Endowment,1,0.0,17184.0,0.0,336,0.409282
2145,17154.0,2,Endowment,1,0.0,17154.0,0.0,337,0.409978
1203,17115.0,2,Endowment,1,0.0,17115.0,0.0,338,0.410671
2144,17076.0,2,Scholarship,1,0.0,0.0,17076.0,339,0.411363
1100,17017.0,2,Campus Resource,2,9783.0,7234.0,0.0,340,0.412053
1035,17015.0,2,Scholarship,2,8199.0,0.0,8816.0,341,0.412743
1173,16984.5,2,Scholarship,1,0.0,0.0,16984.5,342,0.413431
1990,16981.0,2,Endowment,1,0.0,16981.0,0.0,343,0.414119
1322,16961.0,4,Campus Resource,2,9914.0,0.0,7047.0,344,0.414807
1189,16954.5,2,Campus Resource,2,10927.5,0.0,6027.0,345,0.415494
3096,16951.5,1,Scholarship,1,0.0,0.0,16951.5,346,0.416181
1616,16948.0,2,Endowment,2,0.0,8474.0,8474.0,347,0.416868
1226,16883.0,2,Scholarship,1,0.0,0.0,16883.0,348,0.417552
1558,16852.0,2,Campus Resource,2,8426.0,0.0,8426.0,349,0.418235
1040,16850.0,2,Scholarship,2,7944.0,0.0,8906.0,350,0.418918
2775,16790.0,2,Scholarship,1,0.0,0.0,16790.0,351,0.419599
2508,16790.0,2,Scholarship,2,5309.0,0.0,11481.0,352,0.420279
2524,16785.0,2,Endowment,1,0.0,16785.0,0.0,353,0.420959
2766,16768.0,2,Endowment,2,0.0,8384.0,8384.0,354,0.421639
2372,16657.0,2,Campus Resource,2,10019.0,0.0,6638.0,355,0.422314
1549,16646.0,2,Endowment,2,0.0,8323.0,8323.0,356,0.422989
2139,16646.0,2,Campus Resource,2,8323.0,0.0,8323.0,357,0.423664
2767,16630.0,2,Campus Resource,2,8315.0,0.0,8315.0,358,0.424338
2750,16604.0,2,Campus Resource,2,8302.0,8302.0,0.0,359,0.425011
1568,16596.0,2,Endowment,1,0.0,16596.0,0.0,360,0.425683
1587,16580.0,2,Scholarship,1,0.0,0.0,16580.0,361,0.426355
1387,16550.0,6,Endowment,3,3847.0,8811.0,3892.0,362,0.427026
3053,16510.5,1,Campus Resource,1,16510.5,0.0,0.0,363,0.427695
1140,16488.0,2,Campus Resource,2,8941.0,7547.0,0.0,364,0.428363
2484,16487.0,2,Scholarship,2,7034.0,0.0,9453.0,365,0.429032
1988,16446.0,2,Scholarship,1,0.0,0.0,16446.0,366,0.429698
3095,16446.0,1,Campus Resource,1,16446.0,0.0,0.0,367,0.430365
1638,16320.0,2,Endowment,2,0.0,8160.0,8160.0,368,0.431026
1085,16317.0,2,Scholarship,1,0.0,0.0,16317.0,369,0.431688
1316,16268.0,3,Scholarship,1,0.0,0.0,16268.0,370,0.432347
1909,16257.0,6,Scholarship,3,6683.0,699.0,8875.0,371,0.433006
1985,16252.0,2,Endowment,2,0.0,9788.0,6464.0,372,0.433664
2739,16238.0,2,Endowment,2,0.0,8119.0,8119.0,373,0.434323
1372,16225.0,3,Scholarship,2,416.0,0.0,15809.0,374,0.43498
1921,16157.0,3,Endowment,3,5163.0,6217.0,4777.0,375,0.435635
1151,16135.5,2,Scholarship,1,0.0,0.0,16135.5,376,0.436289
1294,16127.0,3,Endowment,2,0.0,13540.0,2587.0,377,0.436943
1245,16103.0,3,Endowment,2,0.0,12379.0,3724.0,378,0.437595
1251,16043.0,3,Scholarship,2,7196.0,0.0,8847.0,379,0.438246
1154,16040.0,2,Endowment,2,0.0,9640.0,6400.0,380,0.438896
1523,16012.0,2,Campus Resource,2,8006.0,0.0,8006.0,381,0.439545
1321,15978.0,4,Scholarship,3,3782.0,5216.0,6980.0,382,0.440192
2440,15959.0,2,Scholarship,2,6904.0,0.0,9055.0,383,0.440839
1557,15952.0,2,Campus Resource,2,7976.0,7976.0,0.0,384,0.441486
1542,15888.0,2,Endowment,1,0.0,15888.0,0.0,385,0.44213
1552,15862.0,2,Campus Resource,2,7931.0,0.0,7931.0,386,0.442772
1875,15848.0,4,Endowment,2,0.0,10054.0,5794.0,387,0.443415
2489,15822.0,2,Endowment,2,0.0,10437.0,5385.0,388,0.444056
1966,15803.0,3,Endowment,1,0.0,15803.0,0.0,389,0.444697
2072,15790.0,2,Campus Resource,2,9657.0,6133.0,0.0,390,0.445337
2503,15785.0,2,Endowment,2,0.0,8887.0,6898.0,391,0.445976
1408,15742.0,2,Endowment,2,0.0,7871.0,7871.0,392,0.446614
2098,15736.0,2,Scholarship,1,0.0,0.0,15736.0,393,0.447252
3318,15711.0,1,Scholarship,1,0.0,0.0,15711.0,394,0.447889
1513,15668.0,2,Campus Resource,2,7834.0,0.0,7834.0,395,0.448524
1545,15642.0,2,Scholarship,1,0.0,0.0,15642.0,396,0.449158
2429,15612.0,2,Scholarship,2,0.0,7549.0,8063.0,397,0.449791
1519,15590.0,2,Campus Resource,1,15590.0,0.0,0.0,398,0.450423
1207,15572.0,2,Campus Resource,2,8257.0,0.0,7315.0,399,0.451054
2472,15552.0,2,Scholarship,2,0.0,4213.0,11339.0,400,0.451684
2023,15510.0,2,Campus Resource,1,15510.0,0.0,0.0,401,0.452313
1578,15492.0,2,Endowment,2,0.0,7746.0,7746.0,402,0.452941
3129,15489.0,1,Campus Resource,1,15489.0,0.0,0.0,403,0.453568
2460,15465.0,2,Endowment,2,0.0,9451.0,6014.0,404,0.454195
1219,15441.0,2,Scholarship,2,7242.0,0.0,8199.0,405,0.454821
2742,15398.0,2,Campus Resource,2,7699.0,0.0,7699.0,406,0.455445
1422,15398.0,2,Scholarship,1,0.0,0.0,15398.0,407,0.456069
3263,15362.0,1,Scholarship,1,0.0,0.0,15362.0,408,0.456692
1332,15360.0,4,Scholarship,2,0.0,6546.0,8814.0,409,0.457314
3234,15357.0,1,Scholarship,1,0.0,0.0,15357.0,410,0.457937
1430,15330.0,2,Endowment,1,0.0,15330.0,0.0,411,0.458558
3267,15300.0,1,Endowment,1,0.0,15300.0,0.0,412,0.459178
3238,15293.0,1,Endowment,1,0.0,15293.0,0.0,413,0.459798
1528,15282.0,2,Campus Resource,2,7641.0,0.0,7641.0,414,0.460417
3257,15276.0,1,Endowment,1,0.0,15276.0,0.0,415,0.461037
1213,15261.0,2,Scholarship,1,0.0,0.0,15261.0,416,0.461655
3046,15252.0,1,Campus Resource,1,15252.0,0.0,0.0,417,0.462273
3167,15249.0,1,Scholarship,1,0.0,0.0,15249.0,418,0.462891
1029,15242.0,2,Endowment,1,0.0,15242.0,0.0,419,0.463509
2376,15233.0,2,Campus Resource,2,10213.0,0.0,5020.0,420,0.464127
3237,15222.0,1,Campus Resource,1,15222.0,0.0,0.0,421,0.464743
1536,15220.0,2,Endowment,2,0.0,7610.0,7610.0,422,0.46536
1521,15202.0,2,Endowment,2,0.0,7601.0,7601.0,423,0.465977
3094,15194.0,1,Endowment,1,0.0,15194.0,0.0,424,0.466592
1315,15190.0,4,Scholarship,2,0.0,4391.0,10799.0,425,0.467208
3158,15159.0,1,Endowment,1,0.0,15159.0,0.0,426,0.467822
1996,15145.0,2,Endowment,1,0.0,15145.0,0.0,427,0.468436
3224,15125.0,1,Scholarship,1,0.0,0.0,15125.0,428,0.469049
2743,15116.0,2,Campus Resource,1,15116.0,0.0,0.0,429,0.469662
3194,15069.0,1,Campus Resource,1,15069.0,0.0,0.0,430,0.470273
1941,15055.0,6,Campus Resource,2,8728.0,0.0,6327.0,431,0.470883
3279,15052.0,1,Scholarship,1,0.0,0.0,15052.0,432,0.471493
3290,15024.0,1,Scholarship,1,0.0,0.0,15024.0,433,0.472102
3047,15020.0,1,Campus Resource,1,15020.0,0.0,0.0,434,0.472711
2459,15012.0,2,Endowment,2,0.0,10340.0,4672.0,435,0.473319
3292,14988.0,1,Scholarship,1,0.0,0.0,14988.0,436,0.473927
2138,14980.0,2,Endowment,2,0.0,7490.0,7490.0,437,0.474534
3042,14979.0,1,Scholarship,1,0.0,0.0,14979.0,438,0.475141
3118,14961.0,1,Endowment,1,0.0,14961.0,0.0,439,0.475747
3056,14955.0,1,Campus Resource,1,14955.0,0.0,0.0,440,0.476353
3112,14943.0,1,Endowment,1,0.0,14943.0,0.0,441,0.476959
1516,14928.0,2,Endowment,1,0.0,14928.0,0.0,442,0.477564
1145,14925.0,2,Endowment,1,0.0,14925.0,0.0,443,0.478169
3293,14915.0,1,Endowment,1,0.0,14915.0,0.0,444,0.478773
2379,14912.0,2,Scholarship,1,0.0,0.0,14912.0,445,0.479378
1444,14912.0,2,Endowment,2,0.0,7456.0,7456.0,446,0.479982
1982,14875.5,2,Endowment,1,0.0,14875.5,0.0,447,0.480585
1620,14874.0,2,Endowment,2,0.0,7437.0,7437.0,448,0.481188
2443,14866.0,2,Endowment,1,0.0,14866.0,0.0,449,0.48179
2467,14860.0,2,Scholarship,2,6318.0,0.0,8542.0,450,0.482393
3281,14852.0,1,Endowment,1,0.0,14852.0,0.0,451,0.482995
2387,14846.0,2,Endowment,2,0.0,10945.0,3901.0,452,0.483596
1943,14815.0,6,Scholarship,2,0.0,2581.0,12234.0,453,0.484197
1215,14794.0,2,Scholarship,1,0.0,0.0,14794.0,454,0.484797
1604,14782.0,2,Endowment,2,0.0,7391.0,7391.0,455,0.485396
1167,14774.0,2,Scholarship,1,0.0,0.0,14774.0,456,0.485994
2520,14762.0,2,Campus Resource,2,7553.0,7209.0,0.0,457,0.486593
1375,14751.0,4,Scholarship,3,3912.0,1321.0,9518.0,458,0.487191
1327,14745.0,4,Scholarship,2,5229.0,0.0,9516.0,459,0.487788
1569,14724.0,2,Campus Resource,2,7362.0,7362.0,0.0,460,0.488385
1396,14720.0,2,Endowment,2,0.0,7360.0,7360.0,461,0.488982
2482,14712.0,2,Campus Resource,2,10864.0,0.0,3848.0,462,0.489578
2502,14712.0,2,Scholarship,2,0.0,3591.0,11121.0,463,0.490174
1320,14704.0,4,Scholarship,2,6186.0,0.0,8518.0,464,0.49077
1135,14693.0,2,Endowment,2,0.0,9717.0,4976.0,465,0.491366
1250,14686.5,3,Campus Resource,2,10794.0,0.0,3892.5,466,0.491961
2778,14686.0,2,Campus Resource,2,7343.0,7343.0,0.0,467,0.492556
2567,14674.0,3,Endowment,3,640.0,12551.0,1483.0,468,0.493151
1423,14666.0,2,Scholarship,1,0.0,0.0,14666.0,469,0.493745
2499,14645.0,2,Scholarship,2,4789.0,0.0,9856.0,470,0.494339
1252,14622.0,3,Endowment,3,1920.0,6862.0,5840.0,471,0.494932
1058,14621.0,2,Scholarship,1,0.0,0.0,14621.0,472,0.495524
2505,14601.0,2,Campus Resource,2,11682.0,2919.0,0.0,473,0.496116
1494,14587.5,1,Scholarship,1,0.0,0.0,14587.5,474,0.496707
3206,14578.0,1,Scholarship,1,0.0,0.0,14578.0,475,0.497298
2250,14565.0,1,Scholarship,1,0.0,0.0,14565.0,476,0.497888
3219,14552.0,1,Campus Resource,1,14552.0,0.0,0.0,477,0.498478
2777,14550.0,2,Campus Resource,2,7275.0,7275.0,0.0,478,0.499068
2002,14549.0,2,Endowment,2,6197.0,8352.0,0.0,479,0.499658
1932,14538.0,6,Scholarship,3,171.0,535.0,13832.0,480,0.500247
1297,14535.0,3,Endowment,2,0.0,12202.0,2333.0,481,0.500836
2047,14534.0,2,Endowment,2,0.0,8528.0,6006.0,482,0.501425
2465,14519.0,2,Endowment,2,0.0,8725.0,5794.0,483,0.502013
2309,14497.5,1,Campus Resource,1,14497.5,0.0,0.0,484,0.502601
3021,14497.0,1,Scholarship,1,0.0,0.0,14497.0,485,0.503189
2025,14493.0,2,Scholarship,1,0.0,0.0,14493.0,486,0.503776
1411,14486.0,2,Campus Resource,2,7243.0,0.0,7243.0,487,0.504363
3024,14464.0,1,Campus Resource,1,14464.0,0.0,0.0,488,0.504949
1211,14449.0,2,Endowment,2,6371.0,8078.0,0.0,489,0.505535
3151,14400.0,1,Scholarship,1,0.0,0.0,14400.0,490,0.506119
2522,14378.0,2,Endowment,2,3423.0,10955.0,0.0,491,0.506701
2439,14373.0,2,Campus Resource,1,14373.0,0.0,0.0,492,0.507284
1025,14367.0,2,Scholarship,2,0.0,5288.0,9079.0,493,0.507866
1785,14367.0,1,Campus Resource,1,14367.0,0.0,0.0,494,0.508448
3291,14355.0,1,Scholarship,1,0.0,0.0,14355.0,495,0.50903
3041,14331.0,1,Scholarship,1,0.0,0.0,14331.0,496,0.509611
2448,14280.0,2,Scholarship,2,5186.0,0.0,9094.0,497,0.51019
2745,14246.0,2,Endowment,2,0.0,7123.0,7123.0,498,0.510767
2696,14221.5,1,Endowment,1,0.0,14221.5,0.0,499,0.511344
1748,14196.0,1,Campus Resource,1,14196.0,0.0,0.0,500,0.511919
2753,14188.0,2,Campus Resource,2,7094.0,7094.0,0.0,501,0.512494
3049,14168.0,1,Endowment,1,0.0,14168.0,0.0,502,0.513068
1289,14165.0,3,Scholarship,2,6451.0,0.0,7714.0,503,0.513642
2403,14164.0,2,Endowment,2,0.0,11921.0,2243.0,504,0.514217
2070,14157.0,1,Scholarship,1,0.0,0.0,14157.0,505,0.51479
3317,14156.0,1,Scholarship,1,0.0,0.0,14156.0,506,0.515364
2488,14108.0,2,Scholarship,2,0.0,3957.0,10151.0,507,0.515936
3031,14033.0,1,Endowment,1,0.0,14033.0,0.0,508,0.516505
1036,14014.0,2,Scholarship,1,0.0,0.0,14014.0,509,0.517073
1540,13994.0,2,Endowment,2,0.0,6997.0,6997.0,510,0.51764
2097,13992.0,2,Scholarship,2,0.0,4327.0,9665.0,511,0.518207
1437,13958.0,2,Endowment,2,0.0,6979.0,6979.0,512,0.518773
1442,13944.0,2,Scholarship,1,0.0,0.0,13944.0,513,0.519338
1350,13941.0,1,Campus Resource,1,13941.0,0.0,0.0,514,0.519903
2177,13933.5,1,Endowment,1,0.0,13933.5,0.0,515,0.520468
1440,13932.0,2,Endowment,2,0.0,6966.0,6966.0,516,0.521032
1258,13905.0,3,Campus Resource,2,11696.0,0.0,2209.0,517,0.521596
1312,13898.0,4,Endowment,2,4979.0,8919.0,0.0,518,0.522159
3286,13885.0,1,Scholarship,1,0.0,0.0,13885.0,519,0.522722
1978,13860.0,2,Endowment,2,4738.5,9121.5,0.0,520,0.523284
3082,13847.0,1,Endowment,1,0.0,13847.0,0.0,521,0.523845
3104,13793.0,1,Campus Resource,1,13793.0,0.0,0.0,522,0.524404
1055,13771.0,2,Endowment,1,0.0,13771.0,0.0,523,0.524962
3188,13753.0,1,Endowment,1,0.0,13753.0,0.0,524,0.52552
1223,13719.0,2,Scholarship,1,0.0,0.0,13719.0,525,0.526076
1078,13698.0,1,Scholarship,1,0.0,0.0,13698.0,526,0.526631
3183,13683.0,1,Campus Resource,1,13683.0,0.0,0.0,527,0.527185
1236,13669.5,1,Scholarship,1,0.0,0.0,13669.5,528,0.527739
1721,13669.5,1,Scholarship,1,0.0,0.0,13669.5,529,0.528293
1925,13668.0,3,Scholarship,2,0.0,6526.0,7142.0,530,0.528847
3160,13663.0,1,Campus Resource,1,13663.0,0.0,0.0,531,0.529401
1378,13650.0,3,Campus Resource,2,13372.0,278.0,0.0,532,0.529954
2438,13639.0,2,Endowment,2,6558.0,7081.0,0.0,533,0.530507
1086,13638.0,2,Scholarship,2,0.0,5397.0,8241.0,534,0.53106
1577,13624.0,2,Endowment,2,0.0,6812.0,6812.0,535,0.531612
3182,13617.0,1,Scholarship,1,0.0,0.0,13617.0,536,0.532164
3142,13614.0,1,Scholarship,1,0.0,0.0,13614.0,537,0.532716
3150,13610.0,1,Scholarship,1,0.0,0.0,13610.0,538,0.533267
2699,13590.0,1,Scholarship,1,0.0,0.0,13590.0,539,0.533818
2415,13560.0,2,Scholarship,1,0.0,0.0,13560.0,540,0.534368
2079,13554.0,2,Endowment,1,0.0,13554.0,0.0,541,0.534917
3277,13548.0,1,Endowment,1,0.0,13548.0,0.0,542,0.535466
1156,13535.0,2,Endowment,1,0.0,13535.0,0.0,543,0.536015
2424,13512.0,2,Scholarship,1,0.0,0.0,13512.0,544,0.536562
2000,13495.0,2,Endowment,1,0.0,13495.0,0.0,545,0.537109
3122,13494.0,1,Scholarship,1,0.0,0.0,13494.0,546,0.537656
1157,13490.0,2,Campus Resource,2,7242.0,6248.0,0.0,547,0.538203
3075,13484.0,1,Campus Resource,1,13484.0,0.0,0.0,548,0.53875
3297,13473.0,1,Scholarship,1,0.0,0.0,13473.0,549,0.539296
1288,13416.0,3,Scholarship,3,3666.0,3379.0,6371.0,550,0.539839
2381,13405.0,2,Endowment,2,0.0,7861.0,5544.0,551,0.540383
2060,13405.0,2,Scholarship,1,0.0,0.0,13405.0,552,0.540926
1366,13391.0,3,Campus Resource,2,10445.0,0.0,2946.0,553,0.541469
2483,13385.0,2,Campus Resource,2,7929.0,0.0,5456.0,554,0.542011
2432,13368.0,2,Scholarship,1,0.0,0.0,13368.0,555,0.542553
2068,13363.0,2,Scholarship,1,0.0,0.0,13363.0,556,0.543095
1108,13362.0,2,Scholarship,2,0.0,4018.0,9344.0,557,0.543636
1871,13358.0,4,Campus Resource,3,6679.0,2439.0,4240.0,558,0.544178
3066,13339.0,1,Campus Resource,1,13339.0,0.0,0.0,559,0.544718
1630,13328.0,2,Campus Resource,2,6664.0,6664.0,0.0,560,0.545259
3124,13327.0,1,Scholarship,1,0.0,0.0,13327.0,561,0.545799
3109,13324.0,1,Endowment,1,0.0,13324.0,0.0,562,0.546339
1136,13319.0,2,Endowment,2,4240.0,9079.0,0.0,563,0.546879
3262,13317.0,1,Scholarship,1,0.0,0.0,13317.0,564,0.547418
1259,13307.0,3,Scholarship,2,612.0,0.0,12695.0,565,0.547958
3153,13292.0,1,Scholarship,1,0.0,0.0,13292.0,566,0.548496
2749,13288.0,2,Campus Resource,2,6644.0,0.0,6644.0,567,0.549035
3171,13280.0,1,Scholarship,1,0.0,0.0,13280.0,568,0.549573
1425,13272.0,2,Scholarship,1,0.0,0.0,13272.0,569,0.550111
2375,13259.0,2,Endowment,1,0.0,13259.0,0.0,570,0.550649
1056,13256.0,2,Campus Resource,1,13256.0,0.0,0.0,571,0.551186
2380,13253.0,2,Scholarship,2,0.0,5606.0,7647.0,572,0.551723
2045,13222.0,2,Scholarship,1,0.0,0.0,13222.0,573,0.552259
2088,13219.0,2,Scholarship,2,5202.0,0.0,8017.0,574,0.552795
1981,13198.0,2,Scholarship,1,0.0,0.0,13198.0,575,0.55333
2111,13194.0,1,Endowment,1,0.0,13194.0,0.0,576,0.553864
1452,13179.0,1,Scholarship,1,0.0,0.0,13179.0,577,0.554398
2514,13165.0,2,Campus Resource,2,8646.0,0.0,4519.0,578,0.554932
1191,13117.0,2,Campus Resource,1,13117.0,0.0,0.0,579,0.555464
1995,13112.0,2,Endowment,2,5740.0,7372.0,0.0,580,0.555995
1307,13093.0,3,Endowment,3,3145.0,7903.0,2045.0,581,0.556526
3187,13063.0,1,Scholarship,1,0.0,0.0,13063.0,582,0.557055
1394,13058.0,2,Campus Resource,2,6529.0,6529.0,0.0,583,0.557584
3126,13058.0,1,Campus Resource,1,13058.0,0.0,0.0,584,0.558114
3209,13049.0,1,Scholarship,1,0.0,0.0,13049.0,585,0.558643
1962,13048.0,3,Campus Resource,3,4657.0,4657.0,3734.0,586,0.559171
1290,13045.0,3,Campus Resource,3,6301.0,4017.0,2727.0,587,0.5597
2468,13045.0,2,Scholarship,2,0.0,3414.0,9631.0,588,0.560229
1439,13038.0,2,Endowment,2,0.0,6519.0,6519.0,589,0.560757
2026,13038.0,2,Endowment,2,0.0,9438.0,3600.0,590,0.561286
3111,13030.0,1,Scholarship,1,0.0,0.0,13030.0,591,0.561814
2525,13009.0,2,Scholarship,2,3564.0,0.0,9445.0,592,0.562341
2474,13000.0,2,Endowment,1,0.0,13000.0,0.0,593,0.562868
2453,12992.0,2,Scholarship,2,0.0,4712.0,8280.0,594,0.563395
1505,12958.0,2,Campus Resource,2,6479.0,0.0,6479.0,595,0.56392
3064,12925.0,1,Scholarship,1,0.0,0.0,12925.0,596,0.564444
3079,12909.0,1,Endowment,1,0.0,12909.0,0.0,597,0.564967
1972,12905.0,3,Endowment,2,0.0,9860.0,3045.0,598,0.56549
2395,12905.0,2,Scholarship,2,0.0,5490.0,7415.0,599,0.566013
1248,12887.0,3,Campus Resource,2,7929.0,4958.0,0.0,600,0.566535
2014,12884.0,2,Endowment,2,0.0,9176.0,3708.0,601,0.567057
2040,12880.0,2,Scholarship,2,0.0,5976.0,6904.0,602,0.567579
1267,12863.0,3,Scholarship,2,0.0,2873.0,9990.0,603,0.568101
1766,12841.5,1,Campus Resource,1,12841.5,0.0,0.0,604,0.568621
2016,12825.0,2,Scholarship,1,0.0,0.0,12825.0,605,0.569141
2095,12822.0,2,Endowment,1,0.0,12822.0,0.0,606,0.569661
1336,12815.0,4,Campus Resource,2,10589.0,0.0,2226.0,607,0.57018
3078,12803.0,1,Scholarship,1,0.0,0.0,12803.0,608,0.570699
1554,12800.0,2,Campus Resource,1,12800.0,0.0,0.0,609,0.571218
2455,12798.0,2,Scholarship,1,0.0,0.0,12798.0,610,0.571737
1338,12796.0,4,Scholarship,1,0.0,0.0,12796.0,611,0.572255
2074,12781.0,2,Campus Resource,1,12781.0,0.0,0.0,612,0.572773
3105,12768.0,1,Endowment,1,0.0,12768.0,0.0,613,0.573291
1579,12756.0,2,Campus Resource,2,6378.0,0.0,6378.0,614,0.573808
2454,12725.0,2,Endowment,2,6117.0,6608.0,0.0,615,0.574324
1418,12712.0,2,Endowment,2,0.0,6356.0,6356.0,616,0.574839
1566,12690.0,2,Endowment,2,0.0,6345.0,6345.0,617,0.575353
3161,12688.0,1,Endowment,1,0.0,12688.0,0.0,618,0.575867
2464,12678.0,2,Scholarship,2,0.0,5835.0,6843.0,619,0.576381
2147,12678.0,2,Campus Resource,2,6339.0,0.0,6339.0,620,0.576895
3039,12675.0,1,Scholarship,1,0.0,0.0,12675.0,621,0.577409
1648,12661.5,1,Scholarship,1,0.0,0.0,12661.5,622,0.577922
2373,12661.0,2,Endowment,2,0.0,9632.0,3029.0,623,0.578435
1296,12661.0,3,Campus Resource,2,10105.0,0.0,2556.0,624,0.578948
2421,12649.0,2,Scholarship,1,0.0,0.0,12649.0,625,0.579461
2365,12645.0,1,Campus Resource,1,12645.0,0.0,0.0,626,0.579973
1057,12613.0,2,Campus Resource,2,9332.0,0.0,3281.0,627,0.580485
1170,12597.0,2,Endowment,2,3885.0,8712.0,0.0,628,0.580995
3162,12593.0,1,Scholarship,1,0.0,0.0,12593.0,629,0.581506
3141,12591.0,1,Campus Resource,1,12591.0,0.0,0.0,630,0.582016
2235,12567.0,1,Endowment,1,0.0,12567.0,0.0,631,0.582525
1298,12564.0,3,Scholarship,2,0.0,3993.0,8571.0,632,0.583034
1141,12535.0,2,Endowment,2,4894.0,7641.0,0.0,633,0.583543
1923,12518.0,3,Scholarship,2,0.0,2267.0,10251.0,634,0.58405
1560,12496.0,2,Scholarship,1,0.0,0.0,12496.0,635,0.584556
3073,12492.0,1,Endowment,1,0.0,12492.0,0.0,636,0.585063
1564,12492.0,2,Endowment,2,0.0,6246.0,6246.0,637,0.585569
2436,12454.0,2,Scholarship,1,0.0,0.0,12454.0,638,0.586074
1997,12449.0,2,Campus Resource,2,7242.0,0.0,5207.0,639,0.586578
1299,12441.0,3,Campus Resource,3,4605.0,3598.0,4238.0,640,0.587083
1525,12410.0,2,Scholarship,1,0.0,0.0,12410.0,641,0.587586
1096,12396.0,2,Scholarship,2,0.0,5281.5,7114.5,642,0.588088
2487,12391.0,2,Campus Resource,2,7605.0,4786.0,0.0,643,0.58859
1512,12364.0,2,Campus Resource,2,6182.0,6182.0,0.0,644,0.589091
3176,12361.0,1,Endowment,1,0.0,12361.0,0.0,645,0.589592
3032,12318.0,1,Campus Resource,1,12318.0,0.0,0.0,646,0.590092
2824,12316.5,1,Scholarship,1,0.0,0.0,12316.5,647,0.590591
1520,12310.0,2,Scholarship,1,0.0,0.0,12310.0,648,0.59109
1026,12301.0,2,Endowment,2,0.0,6155.0,6146.0,649,0.591588
3090,12251.0,1,Scholarship,1,0.0,0.0,12251.0,650,0.592085
2089,12247.0,2,Scholarship,2,0.0,3883.0,8364.0,651,0.592581
3199,12246.0,1,Scholarship,1,0.0,0.0,12246.0,652,0.593077
1168,12234.0,2,Campus Resource,2,8898.0,0.0,3336.0,653,0.593573
3140,12231.0,1,Endowment,1,0.0,12231.0,0.0,654,0.594069
1205,12207.0,2,Campus Resource,1,12207.0,0.0,0.0,655,0.594564
3298,12207.0,1,Endowment,1,0.0,12207.0,0.0,656,0.595059
3203,12204.0,1,Campus Resource,1,12204.0,0.0,0.0,657,0.595553
3065,12184.5,1,Endowment,1,0.0,12184.5,0.0,658,0.596047
3043,12183.0,1,Scholarship,1,0.0,0.0,12183.0,659,0.596541
2527,12180.0,2,Endowment,1,0.0,12180.0,0.0,660,0.597034
2466,12139.0,2,Scholarship,1,0.0,0.0,12139.0,661,0.597526
2378,12125.0,2,Endowment,1,0.0,12125.0,0.0,662,0.598018
1217,12119.0,2,Endowment,1,0.0,12119.0,0.0,663,0.598509
2526,12117.0,2,Endowment,1,0.0,12117.0,0.0,664,0.599
2022,12112.0,2,Scholarship,1,0.0,0.0,12112.0,665,0.599491
1506,12102.0,2,Campus Resource,2,6051.0,0.0,6051.0,666,0.599982
2507,12092.0,2,Endowment,2,0.0,8026.0,4066.0,667,0.600472
1335,12087.0,4,Scholarship,2,169.0,0.0,11918.0,668,0.600962
3264,12085.0,1,Campus Resource,1,12085.0,0.0,0.0,669,0.601451
2046,12076.0,2,Scholarship,1,0.0,0.0,12076.0,670,0.601941
2327,12073.5,1,Scholarship,1,0.0,0.0,12073.5,671,0.60243
2054,12066.0,2,Endowment,2,0.0,8017.0,4049.0,672,0.602919
1455,12055.5,1,Endowment,1,0.0,12055.5,0.0,673,0.603408
3296,12055.0,1,Endowment,1,0.0,12055.0,0.0,674,0.603896
1975,12052.0,3,Scholarship,1,0.0,0.0,12052.0,675,0.604385
2397,12032.0,2,Endowment,2,0.0,6375.0,5657.0,676,0.604873
2304,12022.5,1,Scholarship,1,0.0,0.0,12022.5,677,0.60536
3284,12022.0,1,Campus Resource,1,12022.0,0.0,0.0,678,0.605847
2410,12021.0,2,Scholarship,1,0.0,0.0,12021.0,679,0.606334
1501,12006.0,2,Endowment,1,0.0,12006.0,0.0,680,0.606821
3192,11999.0,1,Scholarship,1,0.0,0.0,11999.0,681,0.607307
1527,11976.0,2,Endowment,2,0.0,5988.0,5988.0,682,0.607793
2077,11976.0,2,Scholarship,1,0.0,0.0,11976.0,683,0.608278
3081,11973.0,1,Endowment,1,0.0,11973.0,0.0,684,0.608763
2741,11961.0,2,Campus Resource,2,5980.5,5980.5,0.0,685,0.609248
2533,11958.0,2,Scholarship,2,5223.0,0.0,6735.0,686,0.609733
1986,11947.0,2,Scholarship,2,4788.0,0.0,7159.0,687,0.610217
3305,11941.0,1,Scholarship,1,0.0,0.0,11941.0,688,0.610701
2076,11941.0,2,Scholarship,2,0.0,2329.0,9612.0,689,0.611185
2431,11933.0,2,Endowment,2,0.0,7094.0,4839.0,690,0.611669
2493,11933.0,2,Endowment,2,0.0,9620.0,2313.0,691,0.612152
1190,11926.0,2,Campus Resource,2,9717.0,2209.0,0.0,692,0.612636
1184,11902.0,2,Campus Resource,2,6862.0,5040.0,0.0,693,0.613118
2064,11899.0,2,Campus Resource,2,9013.0,0.0,2886.0,694,0.6136
2528,11875.0,2,Scholarship,2,2523.0,0.0,9352.0,695,0.614082
2082,11848.0,2,Endowment,1,0.0,11848.0,0.0,696,0.614562
2456,11822.0,2,Scholarship,2,4343.0,0.0,7479.0,697,0.615041
1039,11818.0,2,Scholarship,1,0.0,0.0,11818.0,698,0.61552
2086,11813.0,2,Scholarship,1,0.0,0.0,11813.0,699,0.615999
1181,11805.0,2,Scholarship,1,0.0,0.0,11805.0,700,0.616477
2442,11804.0,2,Campus Resource,2,7875.0,0.0,3929.0,701,0.616956
1537,11802.0,2,Campus Resource,2,5901.0,0.0,5901.0,702,0.617434
1022,11789.0,2,Scholarship,2,2873.0,0.0,8916.0,703,0.617912
1147,11742.0,2,Campus Resource,2,6997.0,4745.0,0.0,704,0.618388
1888,11700.0,4,Endowment,3,1633.0,5850.0,4217.0,705,0.618862
2124,11692.5,1,Endowment,1,0.0,11692.5,0.0,706,0.619336
2041,11687.0,2,Endowment,2,5207.0,6480.0,0.0,707,0.619809
1230,11659.5,1,Endowment,1,0.0,11659.5,0.0,708,0.620282
1216,11655.0,2,Scholarship,1,0.0,0.0,11655.0,709,0.620754
3210,11639.0,1,Scholarship,1,0.0,0.0,11639.0,710,0.621226
3229,11634.0,1,Endowment,1,0.0,11634.0,0.0,711,0.621698
2051,11604.0,2,Campus Resource,1,11604.0,0.0,0.0,712,0.622168
1144,11601.0,2,Endowment,2,0.0,6148.0,5453.0,713,0.622638
1635,11588.0,2,Campus Resource,2,5794.0,0.0,5794.0,714,0.623108
1105,11582.0,2,Campus Resource,2,6032.0,5550.0,0.0,715,0.623577
3159,11573.0,1,Endowment,1,0.0,11573.0,0.0,716,0.624046
1559,11564.0,2,Campus Resource,2,5782.0,5782.0,0.0,717,0.624515
2067,11562.0,2,Campus Resource,1,11562.0,0.0,0.0,718,0.624984
3175,11555.0,1,Scholarship,1,0.0,0.0,11555.0,719,0.625452
1915,11552.0,6,Endowment,2,0.0,7049.0,4503.0,720,0.62592
1247,11546.0,3,Scholarship,2,0.0,584.0,10962.0,721,0.626388
1224,11545.0,2,Endowment,1,0.0,11545.0,0.0,722,0.626856
2481,11520.0,2,Scholarship,1,0.0,0.0,11520.0,723,0.627323
1302,11510.0,3,Campus Resource,2,9459.0,2051.0,0.0,724,0.62779
3149,11490.0,1,Endowment,1,0.0,11490.0,0.0,725,0.628255
1323,11482.5,4,Endowment,3,2155.5,5727.0,3600.0,726,0.628721
1890,11478.0,4,Scholarship,2,1001.0,0.0,10477.0,727,0.629186
1971,11477.0,3,Scholarship,2,0.0,4606.0,6871.0,728,0.629651
2073,11455.0,2,Endowment,2,0.0,9923.0,1532.0,729,0.630115
2457,11448.0,2,Scholarship,1,0.0,0.0,11448.0,730,0.630579
2043,11442.0,2,Endowment,2,0.0,8262.0,3180.0,731,0.631043
3099,11431.0,1,Endowment,1,0.0,11431.0,0.0,732,0.631506
1624,11430.0,2,Endowment,1,0.0,11430.0,0.0,733,0.63197
3212,11421.0,1,Endowment,1,0.0,11421.0,0.0,734,0.632432
1610,11412.0,2,Endowment,2,0.0,5706.0,5706.0,735,0.632895
1242,11372.0,2,Endowment,1,0.0,11372.0,0.0,736,0.633356
3259,11369.0,1,Endowment,1,0.0,11369.0,0.0,737,0.633817
2944,11362.5,1,Campus Resource,1,11362.5,0.0,0.0,738,0.634277
2427,11353.0,2,Endowment,1,0.0,11353.0,0.0,739,0.634737
2412,11353.0,2,Endowment,2,2869.0,8484.0,0.0,740,0.635198
2637,11331.0,1,Endowment,1,0.0,11331.0,0.0,741,0.635657
2479,11329.0,2,Endowment,1,0.0,11329.0,0.0,742,0.636116
1143,11284.0,2,Scholarship,1,0.0,0.0,11284.0,743,0.636573
2008,11283.0,2,Endowment,1,0.0,11283.0,0.0,744,0.637031
2081,11259.0,2,Endowment,1,0.0,11259.0,0.0,745,0.637487
3067,11243.0,1,Endowment,1,0.0,11243.0,0.0,746,0.637943
2838,11241.0,1,Scholarship,1,0.0,0.0,11241.0,747,0.638398
2388,11223.0,2,Scholarship,1,0.0,0.0,11223.0,748,0.638853
1947,11187.0,6,Endowment,3,2553.0,7201.0,1433.0,749,0.639307
3038,11183.0,1,Scholarship,1,0.0,0.0,11183.0,750,0.63976
3164,11182.0,1,Campus Resource,1,11182.0,0.0,0.0,751,0.640213
1021,11176.0,2,Campus Resource,2,9739.0,0.0,1437.0,752,0.640666
3132,11176.0,1,Campus Resource,1,11176.0,0.0,0.0,753,0.641119
2478,11174.0,2,Endowment,1,0.0,11174.0,0.0,754,0.641572
1186,11169.0,2,Campus Resource,2,5619.0,5550.0,0.0,755,0.642025
1104,11159.0,2,Endowment,2,0.0,9725.0,1434.0,756,0.642477
2980,11158.5,1,Campus Resource,1,11158.5,0.0,0.0,757,0.642929
1377,11150.0,2,Endowment,1,0.0,11150.0,0.0,758,0.643381
1407,11110.0,2,Scholarship,1,0.0,0.0,11110.0,759,0.643831
3087,11107.0,1,Campus Resource,1,11107.0,0.0,0.0,760,0.644281
1617,11100.0,2,Endowment,1,0.0,11100.0,0.0,761,0.644731
3191,11098.5,1,Scholarship,1,0.0,0.0,11098.5,762,0.645181
1395,11092.0,2,Endowment,2,0.0,5546.0,5546.0,763,0.645631
1593,11048.0,2,Endowment,2,0.0,5524.0,5524.0,764,0.646078
2500,11048.0,2,Endowment,2,5117.0,5931.0,0.0,765,0.646526
3100,11038.0,1,Scholarship,1,0.0,0.0,11038.0,766,0.646974
1249,11034.0,3,Scholarship,2,0.0,2022.0,9012.0,767,0.647421
3145,11021.0,1,Scholarship,1,0.0,0.0,11021.0,768,0.647868
2374,10990.0,2,Endowment,1,0.0,10990.0,0.0,769,0.648313
1580,10988.0,2,Campus Resource,2,5494.0,0.0,5494.0,770,0.648758
3294,10970.0,1,Scholarship,1,0.0,0.0,10970.0,771,0.649203
2501,10953.0,2,Endowment,2,0.0,8206.0,2747.0,772,0.649647
3207,10951.5,1,Campus Resource,1,10951.5,0.0,0.0,773,0.650091
1563,10950.0,2,Endowment,2,0.0,5475.0,5475.0,774,0.650535
1916,10949.0,4,Scholarship,2,0.0,584.0,10365.0,775,0.650978
1254,10948.0,3,Endowment,2,3281.0,7667.0,0.0,776,0.651422
1202,10914.0,2,Scholarship,2,0.0,3367.0,7547.0,777,0.651864
1534,10906.0,2,Endowment,2,0.0,5453.0,5453.0,778,0.652306
2006,10882.0,2,Endowment,2,0.0,6225.0,4657.0,779,0.652747
2401,10875.0,2,Endowment,2,1122.0,9753.0,0.0,780,0.653188
2430,10861.0,2,Endowment,2,2634.0,8227.0,0.0,781,0.653628
2510,10851.0,2,Endowment,2,0.0,5576.0,5275.0,782,0.654068
3186,10843.0,1,Scholarship,1,0.0,0.0,10843.0,783,0.654508
3246,10830.0,1,Scholarship,1,0.0,0.0,10830.0,784,0.654947
1769,10794.0,1,Endowment,1,0.0,10794.0,0.0,785,0.655384
1042,10779.0,2,Campus Resource,2,10528.5,0.0,250.5,786,0.655821
3285,10774.0,1,Scholarship,1,0.0,0.0,10774.0,787,0.656258
1089,10763.0,2,Endowment,1,0.0,10763.0,0.0,788,0.656694
3058,10739.0,1,Endowment,1,0.0,10739.0,0.0,789,0.657129
2496,10722.0,2,Scholarship,1,0.0,0.0,10722.0,790,0.657564
3101,10687.0,1,Scholarship,1,0.0,0.0,10687.0,791,0.657997
1397,10680.0,5,Scholarship,3,38.0,2305.0,8337.0,792,0.65843
2444,10675.0,2,Scholarship,2,0.0,1433.0,9242.0,793,0.658862
3062,10672.5,1,Scholarship,1,0.0,0.0,10672.5,794,0.659295
2435,10665.0,2,Endowment,2,0.0,7079.0,3586.0,795,0.659727
1158,10656.0,2,Scholarship,1,0.0,0.0,10656.0,796,0.660159
1445,10634.0,2,Scholarship,1,0.0,0.0,10634.0,797,0.66059
3157,10621.0,1,Endowment,1,0.0,10621.0,0.0,798,0.661021
1088,10612.0,2,Endowment,2,0.0,6361.0,4251.0,799,0.661451
3116,10598.0,1,Scholarship,1,0.0,0.0,10598.0,800,0.66188
3020,10593.0,1,Endowment,1,0.0,10593.0,0.0,801,0.66231
2451,10573.0,2,Campus Resource,2,6526.0,4047.0,0.0,802,0.662738
1244,10560.0,2,Scholarship,2,0.0,2963.0,7597.0,803,0.663166
2334,10521.0,1,Scholarship,1,0.0,0.0,10521.0,804,0.663593
1185,10509.0,2,Endowment,1,0.0,10509.0,0.0,805,0.664019
1553,10490.0,2,Endowment,1,0.0,10490.0,0.0,806,0.664444
1974,10486.0,3,Scholarship,2,0.0,3770.0,6716.0,807,0.664869
3052,10483.0,1,Endowment,1,0.0,10483.0,0.0,808,0.665294
1562,10480.0,2,Endowment,2,0.0,5240.0,5240.0,809,0.665718
3108,10473.0,1,Scholarship,1,0.0,0.0,10473.0,810,0.666143
1434,10446.0,2,Endowment,2,0.0,5223.0,5223.0,811,0.666566
1220,10425.0,2,Endowment,2,0.0,8561.0,1864.0,812,0.666989
2517,10396.0,2,Endowment,2,0.0,5856.0,4540.0,813,0.66741
1598,10376.0,2,Endowment,2,0.0,5188.0,5188.0,814,0.667831
1293,10361.0,3,Campus Resource,2,8196.0,0.0,2165.0,815,0.668251
1179,10343.0,2,Scholarship,2,0.0,2952.0,7391.0,816,0.66867
1435,10340.0,2,Endowment,1,0.0,10340.0,0.0,817,0.669089
1555,10326.0,2,Endowment,2,0.0,5163.0,5163.0,818,0.669507
1149,10323.0,2,Endowment,2,2245.0,8078.0,0.0,819,0.669926
1533,10316.0,2,Scholarship,1,0.0,0.0,10316.0,820,0.670344
1492,10278.0,2,Campus Resource,2,6074.0,4204.0,0.0,821,0.67076
3235,10275.0,1,Endowment,1,0.0,10275.0,0.0,822,0.671177
2383,10271.0,2,Endowment,1,0.0,10271.0,0.0,823,0.671593
2142,10260.0,2,Endowment,2,0.0,5130.0,5130.0,824,0.672009
3204,10250.0,1,Scholarship,1,0.0,0.0,10250.0,825,0.672424
1384,10246.0,3,Endowment,2,3578.0,6668.0,0.0,826,0.67284
3314,10235.0,1,Endowment,1,0.0,10235.0,0.0,827,0.673255
1033,10228.0,2,Scholarship,2,0.0,2587.0,7641.0,828,0.673669
2770,10228.0,2,Endowment,2,0.0,5114.0,5114.0,829,0.674084
2392,10207.0,2,Scholarship,1,0.0,0.0,10207.0,830,0.674497
1319,10199.0,3,Campus Resource,3,6195.0,2002.0,2002.0,831,0.674911
2710,10195.5,1,Scholarship,1,0.0,0.0,10195.5,832,0.675324
2434,10185.0,2,Endowment,1,0.0,10185.0,0.0,833,0.675737
1920,10180.0,4,Endowment,2,0.0,6360.0,3820.0,834,0.676149
3033,10177.0,1,Scholarship,1,0.0,0.0,10177.0,835,0.676562
1517,10170.0,2,Endowment,2,0.0,5085.0,5085.0,836,0.676974
1317,10166.0,3,Endowment,2,0.0,8511.0,1655.0,837,0.677386
2063,10151.0,2,Campus Resource,2,9665.0,486.0,0.0,838,0.677797
2010,10136.0,2,Scholarship,2,0.0,4049.0,6087.0,839,0.678208
3139,10135.0,1,Scholarship,1,0.0,0.0,10135.0,840,0.678619
1991,10121.0,2,Endowment,2,0.0,9471.0,650.0,841,0.679029
1059,10118.0,2,Scholarship,1,0.0,0.0,10118.0,842,0.679439
1107,10114.0,2,Scholarship,1,0.0,0.0,10114.0,843,0.679849
2024,10105.0,2,Campus Resource,2,6121.0,3984.0,0.0,844,0.680259
2042,10105.0,2,Endowment,2,493.0,9612.0,0.0,845,0.680668
2756,10102.0,2,Campus Resource,2,5051.0,5051.0,0.0,846,0.681078
3076,10088.0,1,Scholarship,1,0.0,0.0,10088.0,847,0.681487
1614,10080.0,2,Campus Resource,2,5040.0,5040.0,0.0,848,0.681895
2498,10074.0,2,Endowment,2,676.0,9398.0,0.0,849,0.682304
1924,10042.0,3,Campus Resource,2,9414.0,628.0,0.0,850,0.682711
1209,10033.0,2,Campus Resource,2,5288.0,4745.0,0.0,851,0.683117
3138,10028.0,1,Campus Resource,1,10028.0,0.0,0.0,852,0.683524
2007,9985.0,2,Scholarship,1,0.0,0.0,9985.0,853,0.683928
1718,9984.0,1,Campus Resource,1,9984.0,0.0,0.0,854,0.684333
1357,9981.0,1,Endowment,1,0.0,9981.0,0.0,855,0.684738
2918,9973.0,1,Scholarship,1,0.0,0.0,9973.0,856,0.685142
1433,9970.0,2,Scholarship,1,0.0,0.0,9970.0,857,0.685546
1212,9947.0,2,Endowment,1,0.0,9947.0,0.0,858,0.685949
1460,9941.0,1,Scholarship,1,0.0,0.0,9941.0,859,0.686352
2506,9934.0,2,Endowment,2,0.0,9237.0,697.0,860,0.686755
2366,9928.0,1,Campus Resource,1,9928.0,0.0,0.0,861,0.687157
2107,9923.0,1,Scholarship,1,0.0,0.0,9923.0,862,0.687559
2672,9916.5,1,Endowment,1,0.0,9916.5,0.0,863,0.687961
3030,9909.0,1,Campus Resource,1,9909.0,0.0,0.0,864,0.688363
2703,9908.0,1,Scholarship,1,0.0,0.0,9908.0,865,0.688764
1196,9908.0,1,Scholarship,1,0.0,0.0,9908.0,866,0.689166
1612,9896.0,2,Campus Resource,2,4948.0,4948.0,0.0,867,0.689567
2695,9873.0,1,Endowment,1,0.0,9873.0,0.0,868,0.689967
2939,9871.0,1,Scholarship,1,0.0,0.0,9871.0,869,0.690367
1103,9867.0,2,Endowment,1,0.0,9867.0,0.0,870,0.690767
1697,9864.0,1,Scholarship,1,0.0,0.0,9864.0,871,0.691167
1968,9858.0,3,Endowment,2,0.0,8382.0,1476.0,872,0.691566
1178,9858.0,2,Scholarship,1,0.0,0.0,9858.0,873,0.691966
1720,9854.0,1,Endowment,1,0.0,9854.0,0.0,874,0.692365
1027,9849.0,2,Endowment,1,0.0,9849.0,0.0,875,0.692765
2344,9848.0,1,Campus Resource,1,9848.0,0.0,0.0,876,0.693164
2932,9839.0,1,Campus Resource,1,9839.0,0.0,0.0,877,0.693562
1819,9833.0,1,Scholarship,1,0.0,0.0,9833.0,878,0.693961
2927,9832.0,1,Scholarship,1,0.0,0.0,9832.0,879,0.69436
1640,9831.0,1,Scholarship,1,0.0,0.0,9831.0,880,0.694758
3023,9830.0,1,Endowment,1,0.0,9830.0,0.0,881,0.695156
2332,9828.0,1,Endowment,1,0.0,9828.0,0.0,882,0.695555
1277,9827.0,1,Endowment,1,0.0,9827.0,0.0,883,0.695953
1864,9827.0,1,Scholarship,1,0.0,0.0,9827.0,884,0.696351
2494,9818.0,2,Scholarship,2,0.0,850.0,8968.0,885,0.696749
2165,9818.0,1,Scholarship,1,0.0,0.0,9818.0,886,0.697147
2398,9816.0,2,Scholarship,1,0.0,0.0,9816.0,887,0.697545
2523,9814.0,2,Endowment,2,0.0,8336.0,1478.0,888,0.697943
1263,9810.0,3,Scholarship,1,0.0,0.0,9810.0,889,0.69834
1740,9804.0,1,Scholarship,1,0.0,0.0,9804.0,890,0.698738
2029,9788.0,1,Campus Resource,1,9788.0,0.0,0.0,891,0.699134
3256,9776.0,1,Scholarship,1,0.0,0.0,9776.0,892,0.699531
2260,9776.0,1,Endowment,1,0.0,9776.0,0.0,893,0.699927
2270,9769.0,1,Campus Resource,1,9769.0,0.0,0.0,894,0.700323
2842,9757.5,1,Endowment,1,0.0,9757.5,0.0,895,0.700718
1874,9742.0,4,Endowment,2,0.0,4871.0,4871.0,896,0.701113
2746,9738.0,2,Campus Resource,2,4869.0,0.0,4869.0,897,0.701508
1493,9735.0,1,Endowment,1,0.0,9735.0,0.0,898,0.701902
2654,9735.0,1,Campus Resource,1,9735.0,0.0,0.0,899,0.702297
1124,9725.0,1,Endowment,1,0.0,9725.0,0.0,900,0.702691
2993,9724.0,1,Endowment,1,0.0,9724.0,0.0,901,0.703085
2078,9723.0,2,Campus Resource,2,9012.0,711.0,0.0,902,0.703479
3123,9708.0,1,Scholarship,1,0.0,0.0,9708.0,903,0.703873
2447,9696.0,2,Campus Resource,2,5944.0,3752.0,0.0,904,0.704266
2997,9683.0,1,Scholarship,1,0.0,0.0,9683.0,905,0.704658
1432,9678.0,2,Endowment,2,0.0,4839.0,4839.0,906,0.705051
1745,9667.0,1,Campus Resource,1,9667.0,0.0,0.0,907,0.705442
2106,9657.0,1,Scholarship,1,0.0,0.0,9657.0,908,0.705834
2685,9652.0,1,Campus Resource,1,9652.0,0.0,0.0,909,0.706225
3178,9649.0,1,Endowment,1,0.0,9649.0,0.0,910,0.706616
2369,9643.0,1,Endowment,1,0.0,9643.0,0.0,911,0.707007
1677,9640.0,1,Scholarship,1,0.0,0.0,9640.0,912,0.707398
3120,9635.0,1,Scholarship,1,0.0,0.0,9635.0,913,0.707788
2886,9633.0,1,Endowment,1,0.0,9633.0,0.0,914,0.708178
2705,9631.0,1,Scholarship,1,0.0,0.0,9631.0,915,0.708569
2173,9630.0,1,Endowment,1,0.0,9630.0,0.0,916,0.708959
1878,9620.0,4,Campus Resource,2,4810.0,0.0,4810.0,917,0.709349
2004,9615.0,2,Scholarship,1,0.0,0.0,9615.0,918,0.709739
3218,9613.0,1,Endowment,1,0.0,9613.0,0.0,919,0.710128
2446,9611.0,2,Scholarship,1,0.0,0.0,9611.0,920,0.710518
2686,9607.0,1,Campus Resource,1,9607.0,0.0,0.0,921,0.710907
2878,9604.0,1,Campus Resource,1,9604.0,0.0,0.0,922,0.711297
2183,9598.0,1,Endowment,1,0.0,9598.0,0.0,923,0.711686
2280,9596.0,1,Campus Resource,1,9596.0,0.0,0.0,924,0.712074
1269,9590.0,3,Campus Resource,3,4123.0,3071.0,2396.0,925,0.712463
1063,9585.0,1,Scholarship,1,0.0,0.0,9585.0,926,0.712852
3198,9577.0,1,Endowment,1,0.0,9577.0,0.0,927,0.71324
2511,9570.0,2,Endowment,2,0.0,7425.0,2145.0,928,0.713628
3195,9569.0,1,Endowment,1,0.0,9569.0,0.0,929,0.714016
1341,9567.0,3,Scholarship,1,0.0,0.0,9567.0,930,0.714403
2823,9538.0,1,Endowment,1,0.0,9538.0,0.0,931,0.71479
2937,9537.0,1,Scholarship,1,0.0,0.0,9537.0,932,0.715176
2028,9535.0,2,Scholarship,2,3402.0,0.0,6133.0,933,0.715563
1679,9532.0,1,Scholarship,1,0.0,0.0,9532.0,934,0.715949
2691,9529.0,1,Scholarship,1,0.0,0.0,9529.0,935,0.716335
2827,9523.5,1,Campus Resource,1,9523.5,0.0,0.0,936,0.716721
3201,9512.0,1,Scholarship,1,0.0,0.0,9512.0,937,0.717107
3015,9490.0,1,Endowment,1,0.0,9490.0,0.0,938,0.717492
2975,9489.0,1,Endowment,1,0.0,9489.0,0.0,939,0.717876
1600,9486.0,2,Endowment,2,0.0,4743.0,4743.0,940,0.718261
1428,9476.0,2,Campus Resource,2,4738.0,4738.0,0.0,941,0.718645
2154,9475.0,1,Scholarship,1,0.0,0.0,9475.0,942,0.719029
3242,9463.0,1,Endowment,1,0.0,9463.0,0.0,943,0.719412
3299,9446.0,1,Endowment,1,0.0,9446.0,0.0,944,0.719795
2495,9445.0,2,Campus Resource,2,9367.0,78.0,0.0,945,0.720178
1227,9434.0,1,Endowment,1,0.0,9434.0,0.0,946,0.72056
1699,9434.0,1,Endowment,1,0.0,9434.0,0.0,947,0.720943
2083,9433.0,2,Scholarship,2,0.0,2775.0,6658.0,948,0.721325
2518,9427.0,2,Scholarship,2,0.0,3176.0,6251.0,949,0.721707
2982,9426.0,1,Scholarship,1,0.0,0.0,9426.0,950,0.722089
3072,9425.0,1,Endowment,1,0.0,9425.0,0.0,951,0.722471
3059,9425.0,1,Campus Resource,1,9425.0,0.0,0.0,952,0.722853
1484,9422.0,1,Endowment,1,0.0,9422.0,0.0,953,0.723235
1847,9410.0,1,Campus Resource,1,9410.0,0.0,0.0,954,0.723616
3083,9407.0,1,Endowment,1,0.0,9407.0,0.0,955,0.723998
3125,9400.0,1,Campus Resource,1,9400.0,0.0,0.0,956,0.724379
1238,9395.0,1,Scholarship,1,0.0,0.0,9395.0,957,0.724759
1727,9395.0,1,Scholarship,1,0.0,0.0,9395.0,958,0.72514
1672,9394.0,1,Campus Resource,1,9394.0,0.0,0.0,959,0.725521
1833,9393.0,1,Scholarship,1,0.0,0.0,9393.0,960,0.725902
1353,9390.0,1,Endowment,1,0.0,9390.0,0.0,961,0.726282
2711,9381.0,1,Campus Resource,1,9381.0,0.0,0.0,962,0.726662
2229,9380.0,1,Scholarship,1,0.0,0.0,9380.0,963,0.727043
2102,9379.0,1,Endowment,1,0.0,9379.0,0.0,964,0.727423
1656,9377.0,1,Scholarship,1,0.0,0.0,9377.0,965,0.727803
1867,9370.0,1,Campus Resource,1,9370.0,0.0,0.0,966,0.728183
2333,9369.0,1,Campus Resource,1,9369.0,0.0,0.0,967,0.728562
2404,9369.0,2,Scholarship,1,0.0,0.0,9369.0,968,0.728942
1446,9368.0,2,Scholarship,1,0.0,0.0,9368.0,969,0.729322
2491,9367.0,2,Scholarship,1,0.0,0.0,9367.0,970,0.729701
1706,9364.0,1,Scholarship,1,0.0,0.0,9364.0,971,0.730081
2694,9362.0,1,Scholarship,1,0.0,0.0,9362.0,972,0.73046
3060,9354.0,1,Scholarship,1,0.0,0.0,9354.0,973,0.73084
2928,9333.0,1,Endowment,1,0.0,9333.0,0.0,974,0.731218
2458,9325.0,2,Scholarship,2,3605.0,0.0,5720.0,975,0.731596
3302,9319.0,1,Endowment,1,0.0,9319.0,0.0,976,0.731973
1701,9314.0,1,Scholarship,1,0.0,0.0,9314.0,977,0.732351
1228,9314.0,1,Scholarship,1,0.0,0.0,9314.0,978,0.732728
2471,9304.0,2,Endowment,1,0.0,9304.0,0.0,979,0.733106
1134,9292.0,1,Scholarship,1,0.0,0.0,9292.0,980,0.733482
2856,9282.0,1,Endowment,1,0.0,9282.0,0.0,981,0.733858
1689,9280.0,1,Endowment,1,0.0,9280.0,0.0,982,0.734234
1822,9273.0,1,Scholarship,1,0.0,0.0,9273.0,983,0.73461
1004,9256.0,2,Endowment,1,0.0,9256.0,0.0,984,0.734985
2968,9256.0,1,Endowment,1,0.0,9256.0,0.0,985,0.735361
2286,9249.0,1,Scholarship,1,0.0,0.0,9249.0,986,0.735735
2690,9246.0,1,Campus Resource,1,9246.0,0.0,0.0,987,0.73611
2486,9241.0,2,Scholarship,2,3278.0,0.0,5963.0,988,0.736485
3070,9240.0,1,Endowment,1,0.0,9240.0,0.0,989,0.736859
2862,9237.0,1,Scholarship,1,0.0,0.0,9237.0,990,0.737234
2680,9229.0,1,Endowment,1,0.0,9229.0,0.0,991,0.737608
1187,9225.0,2,Endowment,2,696.0,8529.0,0.0,992,0.737982
2258,9223.0,1,Campus Resource,1,9223.0,0.0,0.0,993,0.738355
2828,9221.0,1,Scholarship,1,0.0,0.0,9221.0,994,0.738729
2103,9220.0,1,Scholarship,1,0.0,0.0,9220.0,995,0.739103
1511,9214.0,2,Campus Resource,2,4607.0,0.0,4607.0,996,0.739476
3045,9199.5,1,Campus Resource,1,9199.5,0.0,0.0,997,0.739849
2450,9187.0,2,Endowment,1,0.0,9187.0,0.0,998,0.740221
1300,9185.0,3,Scholarship,2,3292.0,0.0,5893.0,999,0.740594
1273,9180.0,1,Endowment,1,0.0,9180.0,0.0,1000,0.740966
2150,9153.0,1,Endowment,1,0.0,9153.0,0.0,1001,0.741337
2308,9143.0,1,Scholarship,1,0.0,0.0,9143.0,1002,0.741707
2763,9142.0,2,Campus Resource,2,4571.0,4571.0,0.0,1003,0.742078
3273,9128.0,1,Scholarship,1,0.0,0.0,9128.0,1004,0.742448
2011,9126.0,2,Endowment,1,0.0,9126.0,0.0,1005,0.742818
3244,9124.0,1,Scholarship,1,0.0,0.0,9124.0,1006,0.743188
1241,9108.0,2,Campus Resource,1,9108.0,0.0,0.0,1007,0.743557
2062,9099.0,2,Scholarship,1,0.0,0.0,9099.0,1008,0.743925
1818,9097.0,1,Campus Resource,1,9097.0,0.0,0.0,1009,0.744294
2094,9087.0,2,Endowment,2,0.0,5510.0,3577.0,1010,0.744663
2303,9077.0,1,Scholarship,1,0.0,0.0,9077.0,1011,0.74503
1850,9060.0,1,Campus Resource,1,9060.0,0.0,0.0,1012,0.745398
1728,9039.0,1,Endowment,1,0.0,9039.0,0.0,1013,0.745764
2149,9025.0,1,Campus Resource,1,9025.0,0.0,0.0,1014,0.74613
1206,9021.0,2,Scholarship,1,0.0,0.0,9021.0,1015,0.746495
2340,9020.0,1,Scholarship,1,0.0,0.0,9020.0,1016,0.746861
1813,9016.0,1,Endowment,1,0.0,9016.0,0.0,1017,0.747226
1826,9012.0,1,Scholarship,1,0.0,0.0,9012.0,1018,0.747592
2914,9012.0,1,Scholarship,1,0.0,0.0,9012.0,1019,0.747957
1777,9005.0,1,Campus Resource,1,9005.0,0.0,0.0,1020,0.748322
1169,9000.0,2,Campus Resource,2,6361.0,2639.0,0.0,1021,0.748687
2329,8997.0,1,Campus Resource,1,8997.0,0.0,0.0,1022,0.749051
1812,8987.0,1,Scholarship,1,0.0,0.0,8987.0,1023,0.749416
1048,8987.0,1,Campus Resource,1,8987.0,0.0,0.0,1024,0.74978
2266,8985.0,1,Endowment,1,0.0,8985.0,0.0,1025,0.750144
2058,8983.0,2,Campus Resource,2,5275.0,3708.0,0.0,1026,0.750508
2180,8980.0,1,Campus Resource,1,8980.0,0.0,0.0,1027,0.750872
2971,8974.0,1,Endowment,1,0.0,8974.0,0.0,1028,0.751236
2864,8967.0,1,Endowment,1,0.0,8967.0,0.0,1029,0.751599
2326,8960.0,1,Scholarship,1,0.0,0.0,8960.0,1030,0.751962
1671,8960.0,1,Endowment,1,0.0,8960.0,0.0,1031,0.752325
2109,8953.5,1,Endowment,1,0.0,8953.5,0.0,1032,0.752688
1148,8945.0,2,Endowment,1,0.0,8945.0,0.0,1033,0.753051
2988,8943.0,1,Scholarship,1,0.0,0.0,8943.0,1034,0.753413
2254,8939.0,1,Endowment,1,0.0,8939.0,0.0,1035,0.753776
2701,8935.0,1,Endowment,1,0.0,8935.0,0.0,1036,0.754138
1281,8933.0,1,Endowment,1,0.0,8933.0,0.0,1037,0.7545
1487,8925.0,1,Campus Resource,1,8925.0,0.0,0.0,1038,0.754862
1116,8925.0,1,Scholarship,1,0.0,0.0,8925.0,1039,0.755223
1802,8924.0,1,Scholarship,1,0.0,0.0,8924.0,1040,0.755585
1515,8922.0,2,Scholarship,1,0.0,0.0,8922.0,1041,0.755947
2318,8921.0,1,Endowment,1,0.0,8921.0,0.0,1042,0.756308
2199,8910.0,1,Endowment,1,0.0,8910.0,0.0,1043,0.756669
1782,8906.0,1,Scholarship,1,0.0,0.0,8906.0,1044,0.75703
2039,8904.0,2,Endowment,2,0.0,7372.0,1532.0,1045,0.757391
1977,8904.0,2,Endowment,2,1601.0,7303.0,0.0,1046,0.757752
2271,8902.0,1,Scholarship,1,0.0,0.0,8902.0,1047,0.758113
1691,8898.0,1,Campus Resource,1,8898.0,0.0,0.0,1048,0.758474
2202,8886.0,1,Endowment,1,0.0,8886.0,0.0,1049,0.758834
1084,8881.0,2,Scholarship,2,0.0,3641.0,5240.0,1050,0.759194
1449,8881.0,1,Scholarship,1,0.0,0.0,8881.0,1051,0.759554
3048,8880.0,1,Scholarship,1,0.0,0.0,8880.0,1052,0.759914
1014,8877.0,1,Campus Resource,1,8877.0,0.0,0.0,1053,0.760273
2463,8874.0,2,Campus Resource,2,6727.0,2147.0,0.0,1054,0.760633
2883,8871.0,1,Scholarship,1,0.0,0.0,8871.0,1055,0.760993
1382,8869.0,1,Endowment,1,0.0,8869.0,0.0,1056,0.761352
3312,8868.0,1,Scholarship,1,0.0,0.0,8868.0,1057,0.761711
2160,8867.0,1,Endowment,1,0.0,8867.0,0.0,1058,0.762071
2974,8860.0,1,Endowment,1,0.0,8860.0,0.0,1059,0.76243
1859,8857.0,1,Endowment,1,0.0,8857.0,0.0,1060,0.762789
1784,8849.0,1,Endowment,1,0.0,8849.0,0.0,1061,0.763148
2277,8843.0,1,Endowment,1,0.0,8843.0,0.0,1062,0.763506
1448,8839.0,1,Scholarship,1,0.0,0.0,8839.0,1063,0.763864
2516,8838.0,2,Endowment,2,1576.0,7262.0,0.0,1064,0.764222
1138,8838.0,2,Scholarship,1,0.0,0.0,8838.0,1065,0.764581
2056,8825.0,2,Endowment,2,3715.0,5110.0,0.0,1066,0.764938
2664,8823.0,1,Endowment,1,0.0,8823.0,0.0,1067,0.765296
2346,8793.0,1,Endowment,1,0.0,8793.0,0.0,1068,0.765652
2355,8792.0,1,Scholarship,1,0.0,0.0,8792.0,1069,0.766009
1668,8788.0,1,Endowment,1,0.0,8788.0,0.0,1070,0.766365
2991,8784.0,1,Campus Resource,1,8784.0,0.0,0.0,1071,0.766721
1044,8779.0,2,Campus Resource,2,6377.0,2402.0,0.0,1072,0.767077
3036,8765.0,1,Scholarship,1,0.0,0.0,8765.0,1073,0.767432
2972,8764.0,1,Endowment,1,0.0,8764.0,0.0,1074,0.767787
1615,8763.0,2,Campus Resource,2,4381.5,0.0,4381.5,1075,0.768142
2682,8762.0,1,Scholarship,1,0.0,0.0,8762.0,1076,0.768497
2406,8748.0,2,Scholarship,2,0.0,1330.0,7418.0,1077,0.768852
1166,8745.0,2,Endowment,2,0.0,7746.0,999.0,1078,0.769206
2182,8740.0,1,Endowment,1,0.0,8740.0,0.0,1079,0.769561
2003,8735.0,2,Scholarship,2,2729.0,0.0,6006.0,1080,0.769915
2697,8731.0,1,Campus Resource,1,8731.0,0.0,0.0,1081,0.770269
1698,8726.0,1,Endowment,1,0.0,8726.0,0.0,1082,0.770622
2869,8725.0,1,Scholarship,1,0.0,0.0,8725.0,1083,0.770976
1355,8723.0,1,Scholarship,1,0.0,0.0,8723.0,1084,0.771329
2817,8720.0,1,Scholarship,1,0.0,0.0,8720.0,1085,0.771683
1262,8717.0,3,Campus Resource,3,4784.0,3045.0,888.0,1086,0.772036
1370,8713.0,1,Endowment,1,0.0,8713.0,0.0,1087,0.772389
2289,8709.0,1,Endowment,1,0.0,8709.0,0.0,1088,0.772742
2126,8704.0,1,Endowment,1,0.0,8704.0,0.0,1089,0.773095
2204,8701.0,1,Scholarship,1,0.0,0.0,8701.0,1090,0.773448
1799,8700.0,1,Endowment,1,0.0,8700.0,0.0,1091,0.7738
2796,8695.0,1,Endowment,1,0.0,8695.0,0.0,1092,0.774153
2246,8692.0,1,Scholarship,1,0.0,0.0,8692.0,1093,0.774505
2805,8684.0,1,Campus Resource,1,8684.0,0.0,0.0,1094,0.774857
2892,8684.0,1,Scholarship,1,0.0,0.0,8684.0,1095,0.775209
1092,8683.0,2,Scholarship,2,91.0,0.0,8592.0,1096,0.775561
3155,8682.0,1,Campus Resource,1,8682.0,0.0,0.0,1097,0.775913
2531,8672.0,2,Scholarship,1,0.0,0.0,8672.0,1098,0.776264
3249,8670.0,1,Endowment,1,0.0,8670.0,0.0,1099,0.776616
3009,8644.0,1,Scholarship,1,0.0,0.0,8644.0,1100,0.776966
1049,8642.0,1,Scholarship,1,0.0,0.0,8642.0,1101,0.777316
1816,8642.0,1,Endowment,1,0.0,8642.0,0.0,1102,0.777666
2221,8641.0,1,Endowment,1,0.0,8641.0,0.0,1103,0.778017
1965,8633.0,3,Campus Resource,2,5117.0,0.0,3516.0,1104,0.778367
1999,8625.0,2,Scholarship,1,0.0,0.0,8625.0,1105,0.778716
2512,8619.0,2,Campus Resource,2,7043.0,1576.0,0.0,1106,0.779066
2940,8611.0,1,Endowment,1,0.0,8611.0,0.0,1107,0.779415
1980,8610.0,2,Endowment,2,0.0,6121.0,2489.0,1108,0.779764
2048,8609.0,2,Scholarship,2,3599.0,0.0,5010.0,1109,0.780112
2038,8599.0,1,Endowment,1,0.0,8599.0,0.0,1110,0.780461
2153,8584.0,1,Endowment,1,0.0,8584.0,0.0,1111,0.780809
3208,8580.0,1,Scholarship,1,0.0,0.0,8580.0,1112,0.781157
2718,8568.0,1,Scholarship,1,0.0,0.0,8568.0,1113,0.781504
1969,8564.0,3,Endowment,3,1556.0,5452.0,1556.0,1114,0.781851
2129,8558.0,1,Campus Resource,1,8558.0,0.0,0.0,1115,0.782198
2896,8554.0,1,Campus Resource,1,8554.0,0.0,0.0,1116,0.782545
2759,8538.0,2,Campus Resource,2,4269.0,0.0,4269.0,1117,0.782891
2814,8531.0,1,Scholarship,1,0.0,0.0,8531.0,1118,0.783236
2345,8530.0,1,Scholarship,1,0.0,0.0,8530.0,1119,0.783582
2941,8527.0,1,Campus Resource,1,8527.0,0.0,0.0,1120,0.783928
1733,8523.0,1,Scholarship,1,0.0,0.0,8523.0,1121,0.784273
1073,8519.0,1,Scholarship,1,0.0,0.0,8519.0,1122,0.784618
2178,8514.0,1,Endowment,1,0.0,8514.0,0.0,1123,0.784963
3274,8502.0,1,Endowment,1,0.0,8502.0,0.0,1124,0.785308
2135,8501.0,1,Endowment,1,0.0,8501.0,0.0,1125,0.785653
2087,8496.0,2,Scholarship,2,0.0,2464.0,6032.0,1126,0.785997
3012,8481.0,1,Campus Resource,1,8481.0,0.0,0.0,1127,0.786341
1627,8480.0,2,Campus Resource,2,4240.0,0.0,4240.0,1128,0.786684
2267,8479.0,1,Endowment,1,0.0,8479.0,0.0,1129,0.787028
3190,8465.0,1,Endowment,1,0.0,8465.0,0.0,1130,0.787371
2282,8437.0,1,Scholarship,1,0.0,0.0,8437.0,1131,0.787713
1854,8436.0,1,Endowment,1,0.0,8436.0,0.0,1132,0.788055
2323,8433.0,1,Scholarship,1,0.0,0.0,8433.0,1133,0.788397
2885,8433.0,1,Scholarship,1,0.0,0.0,8433.0,1134,0.788739
2698,8414.0,1,Scholarship,1,0.0,0.0,8414.0,1135,0.78908
1836,8403.0,1,Scholarship,1,0.0,0.0,8403.0,1136,0.78942
1279,8368.0,1,Campus Resource,1,8368.0,0.0,0.0,1137,0.789759
2123,8364.0,1,Scholarship,1,0.0,0.0,8364.0,1138,0.790098
2405,8361.0,2,Campus Resource,2,6292.5,2068.5,0.0,1139,0.790437
1835,8357.0,1,Endowment,1,0.0,8357.0,0.0,1140,0.790776
2679,8345.0,1,Scholarship,1,0.0,0.0,8345.0,1141,0.791114
2275,8339.0,1,Scholarship,1,0.0,0.0,8339.0,1142,0.791452
3247,8333.0,1,Campus Resource,1,8333.0,0.0,0.0,1143,0.79179
2162,8331.0,1,Scholarship,1,0.0,0.0,8331.0,1144,0.792128
2452,8315.0,2,Endowment,2,0.0,6313.0,2002.0,1145,0.792465
2214,8310.0,1,Endowment,1,0.0,8310.0,0.0,1146,0.792801
2325,8302.0,1,Scholarship,1,0.0,0.0,8302.0,1147,0.793138
1161,8298.0,1,Scholarship,1,0.0,0.0,8298.0,1148,0.793474
1775,8297.0,1,Endowment,1,0.0,8297.0,0.0,1149,0.79381
2913,8297.0,1,Scholarship,1,0.0,0.0,8297.0,1150,0.794147
2658,8294.0,1,Endowment,1,0.0,8294.0,0.0,1151,0.794483
2018,8290.5,2,Campus Resource,2,5655.0,0.0,2635.5,1152,0.794819
2261,8281.0,1,Scholarship,1,0.0,0.0,8281.0,1153,0.795155
1286,8269.0,1,Scholarship,1,0.0,0.0,8269.0,1154,0.79549
3303,8264.0,1,Endowment,1,0.0,8264.0,0.0,1155,0.795825
2322,8234.0,1,Campus Resource,1,8234.0,0.0,0.0,1156,0.796158
2903,8203.0,1,Endowment,1,0.0,8203.0,0.0,1157,0.796491
1762,8199.0,1,Campus Resource,1,8199.0,0.0,0.0,1158,0.796823
1702,8197.0,1,Scholarship,1,0.0,0.0,8197.0,1159,0.797155
2863,8189.0,1,Campus Resource,1,8189.0,0.0,0.0,1160,0.797487
2034,8184.0,1,Endowment,1,0.0,8184.0,0.0,1161,0.797819
1760,8182.0,1,Scholarship,1,0.0,0.0,8182.0,1162,0.798151
1081,8176.0,1,Scholarship,1,0.0,0.0,8176.0,1163,0.798482
2924,8173.0,1,Endowment,1,0.0,8173.0,0.0,1164,0.798813
1305,8168.0,3,Scholarship,2,0.0,1791.0,6377.0,1165,0.799144
1054,8166.0,1,Campus Resource,1,8166.0,0.0,0.0,1166,0.799475
1834,8166.0,1,Endowment,1,0.0,8166.0,0.0,1167,0.799806
2230,8154.0,1,Endowment,1,0.0,8154.0,0.0,1168,0.800137
1176,8151.0,2,Endowment,2,0.0,5188.0,2963.0,1169,0.800467
2721,8149.0,1,Endowment,1,0.0,8149.0,0.0,1170,0.800797
2811,8145.0,1,Scholarship,1,0.0,0.0,8145.0,1171,0.801128
1177,8135.0,2,Campus Resource,2,4743.0,0.0,3392.0,1172,0.801457
1502,8130.0,2,Endowment,1,0.0,8130.0,0.0,1173,0.801787
2960,8127.0,1,Endowment,1,0.0,8127.0,0.0,1174,0.802116
2784,8101.0,1,Scholarship,1,0.0,0.0,8101.0,1175,0.802444
2195,8088.0,1,Scholarship,1,0.0,0.0,8088.0,1176,0.802772
2952,8085.0,1,Campus Resource,1,8085.0,0.0,0.0,1177,0.8031
1667,8078.0,1,Endowment,1,0.0,8078.0,0.0,1178,0.803427
1201,8076.0,2,Scholarship,1,0.0,0.0,8076.0,1179,0.803755
1732,8074.0,1,Campus Resource,1,8074.0,0.0,0.0,1180,0.804082
2851,8073.0,1,Endowment,1,0.0,8073.0,0.0,1181,0.804409
2059,8065.0,2,Endowment,2,3009.0,5056.0,0.0,1182,0.804736
2947,8053.0,1,Scholarship,1,0.0,0.0,8053.0,1183,0.805062
1024,8047.0,2,Scholarship,2,3071.0,0.0,4976.0,1184,0.805389
2201,8045.0,1,Scholarship,1,0.0,0.0,8045.0,1185,0.805715
2080,8042.0,2,Endowment,1,0.0,8042.0,0.0,1186,0.806041
2239,8038.0,1,Endowment,1,0.0,8038.0,0.0,1187,0.806366
1623,8036.0,2,Campus Resource,2,4018.0,4018.0,0.0,1188,0.806692
2899,8024.0,1,Scholarship,1,0.0,0.0,8024.0,1189,0.807017
1097,8018.0,2,Endowment,2,2779.0,5239.0,0.0,1190,0.807342
1074,8015.0,1,Endowment,1,0.0,8015.0,0.0,1191,0.807667
1753,8010.0,1,Endowment,1,0.0,8010.0,0.0,1192,0.807992
1690,7977.0,1,Endowment,1,0.0,7977.0,0.0,1193,0.808315
1989,7950.0,2,Scholarship,2,0.0,2773.0,5177.0,1194,0.808637
1019,7950.0,2,Scholarship,1,0.0,0.0,7950.0,1195,0.80896
2956,7945.0,1,Campus Resource,1,7945.0,0.0,0.0,1196,0.809282
1451,7938.0,1,Scholarship,1,0.0,0.0,7938.0,1197,0.809603
1068,7928.0,1,Endowment,1,0.0,7928.0,0.0,1198,0.809925
1037,7923.0,2,Endowment,2,0.0,7610.0,313.0,1199,0.810246
1805,7903.0,1,Scholarship,1,0.0,0.0,7903.0,1200,0.810566
1046,7903.0,1,Scholarship,1,0.0,0.0,7903.0,1201,0.810886
3018,7899.0,1,Scholarship,1,0.0,0.0,7899.0,1202,0.811207
1457,7897.0,1,Scholarship,1,0.0,0.0,7897.0,1203,0.811527
2713,7896.0,1,Scholarship,1,0.0,0.0,7896.0,1204,0.811847
1682,7862.0,1,Endowment,1,0.0,7862.0,0.0,1205,0.812165
1431,7860.0,2,Campus Resource,1,7860.0,0.0,0.0,1206,0.812484
2224,7856.0,1,Campus Resource,1,7856.0,0.0,0.0,1207,0.812802
3016,7846.0,1,Endowment,1,0.0,7846.0,0.0,1208,0.81312
2643,7844.0,1,Endowment,1,0.0,7844.0,0.0,1209,0.813438
1724,7843.0,1,Endowment,1,0.0,7843.0,0.0,1210,0.813756
1237,7843.0,1,Scholarship,1,0.0,0.0,7843.0,1211,0.814074
2670,7837.0,1,Campus Resource,1,7837.0,0.0,0.0,1212,0.814392
2769,7830.0,2,Campus Resource,2,3915.0,0.0,3915.0,1213,0.814709
1020,7825.0,2,Scholarship,2,0.0,1793.0,6032.0,1214,0.815026
3250,7814.0,1,Campus Resource,1,7814.0,0.0,0.0,1215,0.815343
1472,7804.0,1,Scholarship,1,0.0,0.0,7804.0,1216,0.815659
3106,7795.0,1,Campus Resource,1,7795.0,0.0,0.0,1217,0.815975
1591,7792.0,2,Endowment,2,0.0,3896.0,3896.0,1218,0.816291
2888,7790.0,1,Endowment,1,0.0,7790.0,0.0,1219,0.816607
3258,7784.0,1,Campus Resource,1,7784.0,0.0,0.0,1220,0.816922
1764,7782.0,1,Endowment,1,0.0,7782.0,0.0,1221,0.817237
1998,7781.0,2,Scholarship,1,0.0,0.0,7781.0,1222,0.817553
1705,7773.0,1,Campus Resource,1,7773.0,0.0,0.0,1223,0.817868
2320,7753.0,1,Scholarship,1,0.0,0.0,7753.0,1224,0.818182
1572,7730.0,2,Endowment,2,0.0,3865.0,3865.0,1225,0.818495
1349,7730.0,1,Scholarship,1,0.0,0.0,7730.0,1226,0.818809
2428,7715.0,2,Scholarship,1,0.0,0.0,7715.0,1227,0.819121
1747,7675.0,1,Endowment,1,0.0,7675.0,0.0,1228,0.819432
3061,7664.0,1,Endowment,1,0.0,7664.0,0.0,1229,0.819743
3143,7661.0,1,Endowment,1,0.0,7661.0,0.0,1230,0.820054
1607,7659.0,2,Scholarship,1,0.0,0.0,7659.0,1231,0.820364
2529,7647.0,2,Scholarship,1,0.0,0.0,7647.0,1232,0.820674
3011,7639.0,1,Endowment,1,0.0,7639.0,0.0,1233,0.820984
3022,7638.0,1,Scholarship,1,0.0,0.0,7638.0,1234,0.821293
3233,7628.0,1,Campus Resource,1,7628.0,0.0,0.0,1235,0.821602
2930,7620.0,1,Endowment,1,0.0,7620.0,0.0,1236,0.821911
1700,7618.0,1,Endowment,1,0.0,7618.0,0.0,1237,0.82222
2015,7615.0,2,Scholarship,1,0.0,0.0,7615.0,1238,0.822529
1824,7614.0,1,Campus Resource,1,7614.0,0.0,0.0,1239,0.822837
1047,7597.0,1,Scholarship,1,0.0,0.0,7597.0,1240,0.823145
1809,7597.0,1,Endowment,1,0.0,7597.0,0.0,1241,0.823453
1810,7595.0,1,Scholarship,1,0.0,0.0,7595.0,1242,0.823761
2981,7594.5,1,Scholarship,1,0.0,0.0,7594.5,1243,0.824069
1694,7590.0,1,Endowment,1,0.0,7590.0,0.0,1244,0.824376
3017,7583.0,1,Endowment,1,0.0,7583.0,0.0,1245,0.824684
3084,7582.0,1,Scholarship,1,0.0,0.0,7582.0,1246,0.824991
3221,7579.0,1,Scholarship,1,0.0,0.0,7579.0,1247,0.825298
1031,7575.0,1,Scholarship,1,0.0,0.0,7575.0,1248,0.825605
2866,7566.0,1,Scholarship,1,0.0,0.0,7566.0,1249,0.825912
2049,7561.0,2,Endowment,2,0.0,6658.0,903.0,1250,0.826218
2476,7560.0,2,Endowment,2,0.0,6441.0,1119.0,1251,0.826525
2837,7552.5,1,Scholarship,1,0.0,0.0,7552.5,1252,0.826831
1649,7547.0,1,Endowment,1,0.0,7547.0,0.0,1253,0.827137
2925,7546.5,1,Campus Resource,1,7546.5,0.0,0.0,1254,0.827442
2969,7544.0,1,Endowment,1,0.0,7544.0,0.0,1255,0.827748
3113,7534.0,1,Scholarship,1,0.0,0.0,7534.0,1256,0.828054
1412,7532.0,2,Campus Resource,2,3766.0,0.0,3766.0,1257,0.828359
2288,7510.0,1,Endowment,1,0.0,7510.0,0.0,1258,0.828663
1034,7509.0,2,Scholarship,2,0.0,383.0,7126.0,1259,0.828968
1214,7492.0,2,Scholarship,2,0.0,1858.0,5634.0,1260,0.829271
2200,7487.0,1,Endowment,1,0.0,7487.0,0.0,1261,0.829575
2172,7480.0,1,Campus Resource,1,7480.0,0.0,0.0,1262,0.829878
2433,7478.0,2,Endowment,2,0.0,5754.0,1724.0,1263,0.830181
2300,7477.0,1,Scholarship,1,0.0,0.0,7477.0,1264,0.830484
2100,7476.0,1,Scholarship,1,0.0,0.0,7476.0,1265,0.830787
3026,7455.0,1,Scholarship,1,0.0,0.0,7455.0,1266,0.831089
2368,7451.0,1,Campus Resource,1,7451.0,0.0,0.0,1267,0.831391
2360,7434.0,1,Scholarship,1,0.0,0.0,7434.0,1268,0.831692
2096,7433.0,2,Endowment,2,0.0,7342.0,91.0,1269,0.831994
1139,7431.0,2,Campus Resource,2,7188.0,243.0,0.0,1270,0.832295
2931,7430.0,1,Endowment,1,0.0,7430.0,0.0,1271,0.832596
2683,7428.0,1,Scholarship,1,0.0,0.0,7428.0,1272,0.832897
2272,7426.0,1,Scholarship,1,0.0,0.0,7426.0,1273,0.833198
2264,7424.0,1,Campus Resource,1,7424.0,0.0,0.0,1274,0.833499
2419,7422.0,2,Scholarship,1,0.0,0.0,7422.0,1275,0.8338
3226,7420.0,1,Scholarship,1,0.0,0.0,7420.0,1276,0.834101
3173,7416.0,1,Scholarship,1,0.0,0.0,7416.0,1277,0.834401
2251,7404.0,1,Scholarship,1,0.0,0.0,7404.0,1278,0.834701
1788,7392.0,1,Endowment,1,0.0,7392.0,0.0,1279,0.835001
3241,7392.0,1,Campus Resource,1,7392.0,0.0,0.0,1280,0.8353
3185,7385.0,1,Endowment,1,0.0,7385.0,0.0,1281,0.8356
2105,7372.0,1,Endowment,1,0.0,7372.0,0.0,1282,0.835898
3275,7368.0,1,Scholarship,1,0.0,0.0,7368.0,1283,0.836197
1192,7357.0,2,Scholarship,1,0.0,0.0,7357.0,1284,0.836495
1571,7354.0,2,Scholarship,1,0.0,0.0,7354.0,1285,0.836793
2416,7349.0,2,Endowment,1,0.0,7349.0,0.0,1286,0.837091
1479,7347.0,1,Campus Resource,1,7347.0,0.0,0.0,1287,0.837389
2159,7346.0,1,Endowment,1,0.0,7346.0,0.0,1288,0.837687
2858,7327.0,1,Scholarship,1,0.0,0.0,7327.0,1289,0.837984
1659,7315.0,1,Scholarship,1,0.0,0.0,7315.0,1290,0.83828
2208,7306.0,1,Endowment,1,0.0,7306.0,0.0,1291,0.838576
2151,7301.0,1,Campus Resource,1,7301.0,0.0,0.0,1292,0.838872
1208,7288.0,2,Scholarship,2,0.0,3071.0,4217.0,1293,0.839168
1012,7285.0,1,Scholarship,1,0.0,0.0,7285.0,1294,0.839463
1658,7284.0,1,Scholarship,1,0.0,0.0,7284.0,1295,0.839758
2057,7280.0,2,Scholarship,1,0.0,0.0,7280.0,1296,0.840053
2639,7276.0,1,Scholarship,1,0.0,0.0,7276.0,1297,0.840348
3165,7275.0,1,Scholarship,1,0.0,0.0,7275.0,1298,0.840643
2860,7263.0,1,Endowment,1,0.0,7263.0,0.0,1299,0.840937
2687,7244.0,1,Scholarship,1,0.0,0.0,7244.0,1300,0.841231
1683,7242.0,1,Campus Resource,1,7242.0,0.0,0.0,1301,0.841524
2157,7239.0,1,Endowment,1,0.0,7239.0,0.0,1302,0.841818
2477,7222.0,2,Scholarship,2,0.0,355.0,6867.0,1303,0.842111
1675,7219.0,1,Endowment,1,0.0,7219.0,0.0,1304,0.842403
1983,7202.0,2,Campus Resource,2,5847.0,0.0,1355.0,1305,0.842695
2926,7199.0,1,Campus Resource,1,7199.0,0.0,0.0,1306,0.842987
3107,7197.0,1,Campus Resource,1,7197.0,0.0,0.0,1307,0.843278
1053,7196.0,1,Campus Resource,1,7196.0,0.0,0.0,1308,0.84357
2411,7191.0,2,Scholarship,2,0.0,2693.0,4498.0,1309,0.843862
1647,7188.0,1,Endowment,1,0.0,7188.0,0.0,1310,0.844153
3184,7181.0,1,Scholarship,1,0.0,0.0,7181.0,1311,0.844444
2729,7178.0,1,Scholarship,1,0.0,0.0,7178.0,1312,0.844735
3227,7169.0,1,Endowment,1,0.0,7169.0,0.0,1313,0.845025
2030,7159.0,1,Campus Resource,1,7159.0,0.0,0.0,1314,0.845316
2786,7150.0,1,Campus Resource,1,7150.0,0.0,0.0,1315,0.845605
1210,7147.0,2,Endowment,2,0.0,6146.0,1001.0,1316,0.845895
2393,7143.0,2,Scholarship,2,0.0,1811.0,5332.0,1317,0.846185
2704,7138.5,1,Campus Resource,1,7138.5,0.0,0.0,1318,0.846474
1079,7129.0,1,Endowment,1,0.0,7129.0,0.0,1319,0.846763
2268,7128.0,1,Scholarship,1,0.0,0.0,7128.0,1320,0.847052
1758,7126.0,1,Campus Resource,1,7126.0,0.0,0.0,1321,0.847341
1374,7117.0,3,Scholarship,2,2489.0,0.0,4628.0,1322,0.847629
2904,7115.0,1,Endowment,1,0.0,7115.0,0.0,1323,0.847917
2319,7111.0,1,Campus Resource,1,7111.0,0.0,0.0,1324,0.848206
2929,7110.0,1,Scholarship,1,0.0,0.0,7110.0,1325,0.848494
2284,7108.0,1,Endowment,1,0.0,7108.0,0.0,1326,0.848782
2831,7085.0,1,Scholarship,1,0.0,0.0,7085.0,1327,0.849069
2879,7083.0,1,Campus Resource,1,7083.0,0.0,0.0,1328,0.849356
1710,7079.0,1,Campus Resource,1,7079.0,0.0,0.0,1329,0.849643
2889,7073.0,1,Endowment,1,0.0,7073.0,0.0,1330,0.84993
2426,7067.0,2,Endowment,1,0.0,7067.0,0.0,1331,0.850216
3266,7063.0,1,Scholarship,1,0.0,0.0,7063.0,1332,0.850502
2646,7061.0,1,Scholarship,1,0.0,0.0,7061.0,1333,0.850789
2948,7060.0,1,Scholarship,1,0.0,0.0,7060.0,1334,0.851075
3013,7050.0,1,Endowment,1,0.0,7050.0,0.0,1335,0.851361
2104,7050.0,1,Endowment,1,0.0,7050.0,0.0,1336,0.851646
2983,7048.0,1,Scholarship,1,0.0,0.0,7048.0,1337,0.851932
2829,7047.0,1,Scholarship,1,0.0,0.0,7047.0,1338,0.852218
1061,7047.0,1,Endowment,1,0.0,7047.0,0.0,1339,0.852503
2804,7028.0,1,Endowment,1,0.0,7028.0,0.0,1340,0.852788
2793,7026.0,1,Scholarship,1,0.0,0.0,7026.0,1341,0.853073
1470,7020.0,1,Endowment,1,0.0,7020.0,0.0,1342,0.853357
1790,7019.0,1,Scholarship,1,0.0,0.0,7019.0,1343,0.853642
1976,7015.0,2,Endowment,1,0.0,7015.0,0.0,1344,0.853926
1959,7010.0,3,Endowment,2,0.0,4281.0,2729.0,1345,0.85421
2905,7003.0,1,Scholarship,1,0.0,0.0,7003.0,1346,0.854494
2791,6998.0,1,Scholarship,1,0.0,0.0,6998.0,1347,0.854778
2826,6993.0,1,Scholarship,1,0.0,0.0,6993.0,1348,0.855061
1060,6980.0,1,Scholarship,1,0.0,0.0,6980.0,1349,0.855344
1984,6980.0,2,Scholarship,2,3402.0,0.0,3578.0,1350,0.855627
1869,6980.0,1,Endowment,1,0.0,6980.0,0.0,1351,0.85591
3001,6978.0,1,Scholarship,1,0.0,0.0,6978.0,1352,0.856193
1708,6971.0,1,Scholarship,1,0.0,0.0,6971.0,1353,0.856475
1674,6957.0,1,Endowment,1,0.0,6957.0,0.0,1354,0.856757
1522,6956.0,2,Campus Resource,2,3478.0,3478.0,0.0,1355,0.857039
3037,6953.0,1,Scholarship,1,0.0,0.0,6953.0,1356,0.857321
2331,6947.0,1,Endowment,1,0.0,6947.0,0.0,1357,0.857602
2283,6943.0,1,Scholarship,1,0.0,0.0,6943.0,1358,0.857884
2954,6933.0,1,Endowment,1,0.0,6933.0,0.0,1359,0.858165
1271,6933.0,1,Scholarship,1,0.0,0.0,6933.0,1360,0.858446
1483,6906.0,1,Endowment,1,0.0,6906.0,0.0,1361,0.858726
2992,6905.0,1,Scholarship,1,0.0,0.0,6905.0,1362,0.859006
2462,6896.0,2,Scholarship,2,0.0,1949.0,4947.0,1363,0.859285
1469,6894.0,1,Scholarship,1,0.0,0.0,6894.0,1364,0.859565
1464,6893.0,1,Scholarship,1,0.0,0.0,6893.0,1365,0.859844
2164,6892.0,1,Scholarship,1,0.0,0.0,6892.0,1366,0.860123
2912,6887.0,1,Campus Resource,1,6887.0,0.0,0.0,1367,0.860402
2257,6885.0,1,Endowment,1,0.0,6885.0,0.0,1368,0.860681
1846,6862.0,1,Endowment,1,0.0,6862.0,0.0,1369,0.86096
2402,6858.0,2,Scholarship,2,2780.0,0.0,4078.0,1370,0.861238
1842,6856.0,1,Endowment,1,0.0,6856.0,0.0,1371,0.861515
1478,6845.0,1,Endowment,1,0.0,6845.0,0.0,1372,0.861793
2725,6838.0,1,Scholarship,1,0.0,0.0,6838.0,1373,0.86207
2116,6838.0,1,Campus Resource,1,6838.0,0.0,0.0,1374,0.862347
1741,6823.5,1,Scholarship,1,0.0,0.0,6823.5,1375,0.862624
2724,6819.0,1,Scholarship,1,0.0,0.0,6819.0,1376,0.8629
2213,6813.0,1,Scholarship,1,0.0,0.0,6813.0,1377,0.863176
1551,6808.0,2,Campus Resource,2,3404.0,0.0,3404.0,1378,0.863452
1570,6806.0,2,Campus Resource,2,3403.0,0.0,3403.0,1379,0.863728
2108,6805.0,1,Endowment,1,0.0,6805.0,0.0,1380,0.864004
2305,6798.0,1,Endowment,1,0.0,6798.0,0.0,1381,0.864279
2032,6779.0,1,Campus Resource,1,6779.0,0.0,0.0,1382,0.864554
2294,6778.0,1,Endowment,1,0.0,6778.0,0.0,1383,0.864829
2949,6770.0,1,Campus Resource,1,6770.0,0.0,0.0,1384,0.865103
1174,6766.0,2,Endowment,1,0.0,6766.0,0.0,1385,0.865377
2958,6762.0,1,Campus Resource,1,6762.0,0.0,0.0,1386,0.865651
3088,6761.0,1,Endowment,1,0.0,6761.0,0.0,1387,0.865926
1280,6760.0,1,Scholarship,1,0.0,0.0,6760.0,1388,0.866199
1015,6757.0,1,Scholarship,1,0.0,0.0,6757.0,1389,0.866473
2050,6755.0,2,Scholarship,2,0.0,530.0,6225.0,1390,0.866747
1137,6755.0,2,Scholarship,1,0.0,0.0,6755.0,1391,0.867021
2290,6754.0,1,Scholarship,1,0.0,0.0,6754.0,1392,0.867295
1987,6743.0,2,Endowment,1,0.0,6743.0,0.0,1393,0.867568
2839,6733.0,1,Endowment,1,0.0,6733.0,0.0,1394,0.867841
2132,6723.0,1,Scholarship,1,0.0,0.0,6723.0,1395,0.868113
2780,6722.0,2,Endowment,2,0.0,3361.0,3361.0,1396,0.868386
2656,6721.0,1,Campus Resource,1,6721.0,0.0,0.0,1397,0.868658
2168,6718.0,1,Scholarship,1,0.0,0.0,6718.0,1398,0.86893
2141,6708.0,2,Endowment,2,0.0,3354.0,3354.0,1399,0.869202
1102,6706.0,2,Endowment,2,0.0,4948.0,1758.0,1400,0.869474
2382,6706.0,2,Endowment,2,0.0,6163.0,543.0,1401,0.869746
1498,6698.0,2,Campus Resource,2,3349.0,0.0,3349.0,1402,0.870017
1028,6694.0,2,Scholarship,1,0.0,0.0,6694.0,1403,0.870289
3174,6691.0,1,Endowment,1,0.0,6691.0,0.0,1404,0.87056
2301,6691.0,1,Scholarship,1,0.0,0.0,6691.0,1405,0.870831
2733,6690.0,1,Endowment,1,0.0,6690.0,0.0,1406,0.871102
3170,6684.0,1,Endowment,1,0.0,6684.0,0.0,1407,0.871373
1582,6672.0,2,Scholarship,1,0.0,0.0,6672.0,1408,0.871644
3300,6672.0,1,Campus Resource,1,6672.0,0.0,0.0,1409,0.871914
2850,6671.0,1,Endowment,1,0.0,6671.0,0.0,1410,0.872184
2316,6666.0,1,Scholarship,1,0.0,0.0,6666.0,1411,0.872455
2274,6663.0,1,Scholarship,1,0.0,0.0,6663.0,1412,0.872725
1480,6657.0,1,Scholarship,1,0.0,0.0,6657.0,1413,0.872994
1235,6656.0,1,Campus Resource,1,6656.0,0.0,0.0,1414,0.873264
2815,6647.0,1,Scholarship,1,0.0,0.0,6647.0,1415,0.873534
2645,6643.0,1,Scholarship,1,0.0,0.0,6643.0,1416,0.873803
2193,6638.0,1,Scholarship,1,0.0,0.0,6638.0,1417,0.874072
3147,6632.0,1,Scholarship,1,0.0,0.0,6632.0,1418,0.874341
2994,6628.5,1,Scholarship,1,0.0,0.0,6628.5,1419,0.874609
1087,6628.0,2,Endowment,1,0.0,6628.0,0.0,1420,0.874878
3200,6612.0,1,Scholarship,1,0.0,0.0,6612.0,1421,0.875146
2314,6600.0,1,Endowment,1,0.0,6600.0,0.0,1422,0.875413
2667,6598.0,1,Scholarship,1,0.0,0.0,6598.0,1423,0.875681
2358,6591.0,1,Endowment,1,0.0,6591.0,0.0,1424,0.875948
1963,6572.0,3,Scholarship,1,0.0,0.0,6572.0,1425,0.876214
1628,6562.0,2,Endowment,1,0.0,6562.0,0.0,1426,0.87648
2324,6562.0,1,Scholarship,1,0.0,0.0,6562.0,1427,0.876746
2917,6556.0,1,Campus Resource,1,6556.0,0.0,0.0,1428,0.877012
2894,6555.0,1,Scholarship,1,0.0,0.0,6555.0,1429,0.877278
1463,6526.0,1,Scholarship,1,0.0,0.0,6526.0,1430,0.877542
2386,6504.0,2,Scholarship,1,0.0,0.0,6504.0,1431,0.877806
2218,6502.0,1,Scholarship,1,0.0,0.0,6502.0,1432,0.878069
3211,6486.0,1,Endowment,1,0.0,6486.0,0.0,1433,0.878332
3025,6482.0,1,Scholarship,1,0.0,0.0,6482.0,1434,0.878595
2197,6481.0,1,Scholarship,1,0.0,0.0,6481.0,1435,0.878858
1509,6480.0,2,Endowment,2,0.0,3240.0,3240.0,1436,0.87912
1343,6474.0,4,Endowment,2,0.0,4395.0,2079.0,1437,0.879383
1575,6460.0,2,Scholarship,1,0.0,0.0,6460.0,1438,0.879645
2311,6449.0,1,Campus Resource,1,6449.0,0.0,0.0,1439,0.879906
2995,6432.0,1,Endowment,1,0.0,6432.0,0.0,1440,0.880167
1120,6431.0,1,Endowment,1,0.0,6431.0,0.0,1441,0.880427
2959,6417.0,1,Scholarship,1,0.0,0.0,6417.0,1442,0.880687
1660,6406.0,1,Endowment,1,0.0,6406.0,0.0,1443,0.880947
2951,6405.0,1,Scholarship,1,0.0,0.0,6405.0,1444,0.881207
3006,6404.0,1,Scholarship,1,0.0,0.0,6404.0,1445,0.881466
1830,6399.0,1,Scholarship,1,0.0,0.0,6399.0,1446,0.881725
1045,6384.0,1,Endowment,1,0.0,6384.0,0.0,1447,0.881984
1652,6384.0,1,Endowment,1,0.0,6384.0,0.0,1448,0.882243
1798,6377.0,1,Scholarship,1,0.0,0.0,6377.0,1449,0.882501
3089,6368.0,1,Endowment,1,0.0,6368.0,0.0,1450,0.88276
3163,6365.0,1,Endowment,1,0.0,6365.0,0.0,1451,0.883017
1973,6346.0,3,Scholarship,1,0.0,0.0,6346.0,1452,0.883275
1160,6345.0,1,Scholarship,1,0.0,0.0,6345.0,1453,0.883532
1197,6334.0,1,Scholarship,1,0.0,0.0,6334.0,1454,0.883789
1639,6334.0,1,Endowment,1,0.0,6334.0,0.0,1455,0.884045
2296,6331.0,1,Campus Resource,1,6331.0,0.0,0.0,1456,0.884302
1643,6330.0,1,Endowment,1,0.0,6330.0,0.0,1457,0.884558
1199,6330.0,1,Scholarship,1,0.0,0.0,6330.0,1458,0.884815
1453,6325.0,1,Campus Resource,1,6325.0,0.0,0.0,1459,0.885071
1831,6324.0,1,Endowment,1,0.0,6324.0,0.0,1460,0.885328
2492,6318.0,2,Endowment,2,0.0,3995.0,2323.0,1461,0.885584
2714,6318.0,1,Campus Resource,1,6318.0,0.0,0.0,1462,0.88584
2091,6300.0,2,Scholarship,2,0.0,582.0,5718.0,1463,0.886095
2163,6283.0,1,Scholarship,1,0.0,0.0,6283.0,1464,0.88635
2532,6268.0,2,Scholarship,2,1805.0,0.0,4463.0,1465,0.886604
2027,6256.0,2,Campus Resource,2,4901.0,0.0,1355.0,1466,0.886857
1159,6246.0,1,Campus Resource,1,6246.0,0.0,0.0,1467,0.887111
3092,6243.0,1,Campus Resource,1,6243.0,0.0,0.0,1468,0.887364
1670,6230.0,1,Endowment,1,0.0,6230.0,0.0,1469,0.887616
1119,6229.0,1,Campus Resource,1,6229.0,0.0,0.0,1470,0.887869
1872,6224.0,4,Endowment,2,0.0,3112.0,3112.0,1471,0.888121
2840,6219.0,1,Scholarship,1,0.0,0.0,6219.0,1472,0.888373
1688,6217.0,1,Campus Resource,1,6217.0,0.0,0.0,1473,0.888625
3127,6216.0,1,Endowment,1,0.0,6216.0,0.0,1474,0.888877
2120,6200.0,1,Endowment,1,0.0,6200.0,0.0,1475,0.889128
1849,6195.0,1,Campus Resource,1,6195.0,0.0,0.0,1476,0.889379
1133,6182.0,1,Endowment,1,0.0,6182.0,0.0,1477,0.88963
2799,6177.0,1,Scholarship,1,0.0,0.0,6177.0,1478,0.88988
1715,6171.0,1,Scholarship,1,0.0,0.0,6171.0,1479,0.89013
1234,6171.0,1,Endowment,1,0.0,6171.0,0.0,1480,0.89038
2019,6166.0,2,Endowment,2,486.0,5680.0,0.0,1481,0.89063
2732,6165.0,1,Scholarship,1,0.0,0.0,6165.0,1482,0.89088
2716,6157.0,1,Scholarship,1,0.0,0.0,6157.0,1483,0.89113
2916,6156.0,1,Endowment,1,0.0,6156.0,0.0,1484,0.891379
1657,6148.0,1,Campus Resource,1,6148.0,0.0,0.0,1485,0.891628
1780,6146.0,1,Scholarship,1,0.0,0.0,6146.0,1486,0.891877
2689,6142.0,1,Endowment,1,0.0,6142.0,0.0,1487,0.892126
2668,6141.0,1,Endowment,1,0.0,6141.0,0.0,1488,0.892375
2321,6132.0,1,Scholarship,1,0.0,0.0,6132.0,1489,0.892624
2449,6129.0,2,Scholarship,2,0.0,2507.0,3622.0,1490,0.892872
2911,6123.0,1,Campus Resource,1,6123.0,0.0,0.0,1491,0.89312
2231,6119.0,1,Endowment,1,0.0,6119.0,0.0,1492,0.893368
2441,6119.0,2,Campus Resource,2,6067.0,52.0,0.0,1493,0.893616
1752,6116.0,1,Endowment,1,0.0,6116.0,0.0,1494,0.893864
2662,6114.0,1,Endowment,1,0.0,6114.0,0.0,1495,0.894112
2425,6095.0,2,Scholarship,2,0.0,2028.0,4067.0,1496,0.894359
2012,6094.0,2,Scholarship,2,0.0,984.0,5110.0,1497,0.894606
1851,6092.0,1,Endowment,1,0.0,6092.0,0.0,1498,0.894853
2188,6083.0,1,Endowment,1,0.0,6083.0,0.0,1499,0.8951
2408,6078.0,2,Scholarship,1,0.0,0.0,6078.0,1500,0.895346
3217,6076.0,1,Endowment,1,0.0,6076.0,0.0,1501,0.895592
1123,6074.0,1,Endowment,1,0.0,6074.0,0.0,1502,0.895838
2192,6073.0,1,Campus Resource,1,6073.0,0.0,0.0,1503,0.896085
1115,6054.0,1,Campus Resource,1,6054.0,0.0,0.0,1504,0.89633
1130,6051.0,1,Scholarship,1,0.0,0.0,6051.0,1505,0.896575
2978,6049.0,1,Endowment,1,0.0,6049.0,0.0,1506,0.89682
2859,6043.0,1,Endowment,1,0.0,6043.0,0.0,1507,0.897065
2121,6032.0,1,Campus Resource,1,6032.0,0.0,0.0,1508,0.89731
3282,6028.0,1,Scholarship,1,0.0,0.0,6028.0,1509,0.897554
1992,6025.0,2,Campus Resource,1,6025.0,0.0,0.0,1510,0.897798
1725,6005.0,1,Endowment,1,0.0,6005.0,0.0,1511,0.898042
1240,6002.0,2,Scholarship,2,0.0,2524.0,3478.0,1512,0.898285
1806,5992.0,1,Scholarship,1,0.0,0.0,5992.0,1513,0.898528
1113,5981.0,1,Scholarship,1,0.0,0.0,5981.0,1514,0.89877
1646,5976.0,1,Campus Resource,1,5976.0,0.0,0.0,1515,0.899012
1863,5969.0,1,Endowment,1,0.0,5969.0,0.0,1516,0.899254
1829,5962.0,1,Campus Resource,1,5962.0,0.0,0.0,1517,0.899496
1761,5955.0,1,Endowment,1,0.0,5955.0,0.0,1518,0.899737
2194,5947.0,1,Scholarship,1,0.0,0.0,5947.0,1519,0.899978
2785,5940.0,1,Endowment,1,0.0,5940.0,0.0,1520,0.900219
2910,5930.0,1,Scholarship,1,0.0,0.0,5930.0,1521,0.900459
2809,5904.0,1,Endowment,1,0.0,5904.0,0.0,1522,0.900699
3166,5901.0,1,Scholarship,1,0.0,0.0,5901.0,1523,0.900938
3008,5898.0,1,Scholarship,1,0.0,0.0,5898.0,1524,0.901177
2893,5896.0,1,Endowment,1,0.0,5896.0,0.0,1525,0.901416
2957,5894.0,1,Endowment,1,0.0,5894.0,0.0,1526,0.901655
3063,5890.0,1,Scholarship,1,0.0,0.0,5890.0,1527,0.901894
3295,5888.0,1,Scholarship,1,0.0,0.0,5888.0,1528,0.902132
3309,5885.0,1,Scholarship,1,0.0,0.0,5885.0,1529,0.902371
1064,5874.0,1,Scholarship,1,0.0,0.0,5874.0,1530,0.902609
2789,5872.0,1,Endowment,1,0.0,5872.0,0.0,1531,0.902847
3000,5866.0,1,Endowment,1,0.0,5866.0,0.0,1532,0.903085
3074,5859.0,1,Endowment,1,0.0,5859.0,0.0,1533,0.903322
2236,5854.0,1,Endowment,1,0.0,5854.0,0.0,1534,0.903559
1491,5845.0,1,Scholarship,1,0.0,0.0,5845.0,1535,0.903796
1118,5845.0,1,Endowment,1,0.0,5845.0,0.0,1536,0.904033
1838,5840.0,1,Scholarship,1,0.0,0.0,5840.0,1537,0.90427
2146,5836.0,2,Scholarship,1,0.0,0.0,5836.0,1538,0.904506
2140,5822.0,2,Endowment,1,0.0,5822.0,0.0,1539,0.904742
2240,5819.0,1,Campus Resource,1,5819.0,0.0,0.0,1540,0.904978
1200,5818.0,1,Scholarship,1,0.0,0.0,5818.0,1541,0.905214
1645,5818.0,1,Endowment,1,0.0,5818.0,0.0,1542,0.90545
3289,5803.0,1,Scholarship,1,0.0,0.0,5803.0,1543,0.905685
1163,5797.5,1,Campus Resource,1,5797.5,0.0,0.0,1544,0.90592
2461,5795.0,2,Endowment,2,0.0,5696.0,99.0,1545,0.906155
1195,5794.0,1,Campus Resource,1,5794.0,0.0,0.0,1546,0.90639
1500,5758.0,2,Endowment,1,0.0,5758.0,0.0,1547,0.906623
2651,5750.0,1,Endowment,1,0.0,5750.0,0.0,1548,0.906856
1070,5724.0,1,Scholarship,1,0.0,0.0,5724.0,1549,0.907088
1825,5717.0,1,Campus Resource,1,5717.0,0.0,0.0,1550,0.90732
1093,5690.0,2,Scholarship,2,1778.0,0.0,3912.0,1551,0.90755
1749,5687.0,1,Endowment,1,0.0,5687.0,0.0,1552,0.907781
1010,5686.0,1,Scholarship,1,0.0,0.0,5686.0,1553,0.908011
2252,5685.0,1,Endowment,1,0.0,5685.0,0.0,1554,0.908242
2835,5678.0,1,Campus Resource,1,5678.0,0.0,0.0,1555,0.908472
1438,5676.0,2,Scholarship,1,0.0,0.0,5676.0,1556,0.908702
2249,5669.0,1,Scholarship,1,0.0,0.0,5669.0,1557,0.908932
2205,5668.0,1,Campus Resource,1,5668.0,0.0,0.0,1558,0.909161
2343,5663.0,1,Campus Resource,1,5663.0,0.0,0.0,1559,0.909391
1326,5661.0,4,Endowment,3,892.0,3907.0,862.0,1560,0.90962
1477,5656.0,1,Endowment,1,0.0,5656.0,0.0,1561,0.90985
2663,5644.5,1,Endowment,1,0.0,5644.5,0.0,1562,0.910078
2758,5636.0,2,Endowment,2,0.0,2818.0,2818.0,1563,0.910307
1030,5634.0,1,Endowment,1,0.0,5634.0,0.0,1564,0.910535
1183,5629.0,2,Scholarship,1,0.0,0.0,5629.0,1565,0.910763
1862,5629.0,1,Scholarship,1,0.0,0.0,5629.0,1566,0.910991
2238,5620.0,1,Endowment,1,0.0,5620.0,0.0,1567,0.911219
1009,5619.0,1,Endowment,1,0.0,5619.0,0.0,1568,0.911447
2216,5618.0,1,Endowment,1,0.0,5618.0,0.0,1569,0.911675
1654,5603.0,1,Campus Resource,1,5603.0,0.0,0.0,1570,0.911902
2748,5558.0,2,Scholarship,1,0.0,0.0,5558.0,1571,0.912127
1602,5558.0,2,Campus Resource,1,5558.0,0.0,0.0,1572,0.912352
2676,5554.0,1,Endowment,1,0.0,5554.0,0.0,1573,0.912577
2787,5547.0,1,Campus Resource,1,5547.0,0.0,0.0,1574,0.912802
1304,5541.0,3,Endowment,2,1924.0,3617.0,0.0,1575,0.913027
2353,5540.0,1,Scholarship,1,0.0,0.0,5540.0,1576,0.913251
2191,5539.0,1,Endowment,1,0.0,5539.0,0.0,1577,0.913476
2390,5524.0,2,Scholarship,2,0.0,2284.0,3240.0,1578,0.9137
3260,5523.0,1,Endowment,1,0.0,5523.0,0.0,1579,0.913924
2909,5518.0,1,Campus Resource,1,5518.0,0.0,0.0,1580,0.914147
1828,5510.0,1,Endowment,1,0.0,5510.0,0.0,1581,0.914371
2807,5508.0,1,Scholarship,1,0.0,0.0,5508.0,1582,0.914594
3068,5498.0,1,Scholarship,1,0.0,0.0,5498.0,1583,0.914817
2802,5472.0,1,Scholarship,1,0.0,0.0,5472.0,1584,0.915038
2190,5468.0,1,Scholarship,1,0.0,0.0,5468.0,1585,0.91526
1356,5459.0,1,Scholarship,1,0.0,0.0,5459.0,1586,0.915481
1684,5444.0,1,Endowment,1,0.0,5444.0,0.0,1587,0.915702
2728,5439.0,1,Scholarship,1,0.0,0.0,5439.0,1588,0.915922
1360,5437.0,1,Endowment,1,0.0,5437.0,0.0,1589,0.916143
1595,5436.0,2,Campus Resource,2,2718.0,2718.0,0.0,1590,0.916363
3027,5434.0,1,Scholarship,1,0.0,0.0,5434.0,1591,0.916583
2256,5433.0,1,Campus Resource,1,5433.0,0.0,0.0,1592,0.916804
3097,5401.5,1,Endowment,1,0.0,5401.5,0.0,1593,0.917022
1870,5401.0,1,Endowment,1,0.0,5401.0,0.0,1594,0.917241
2684,5394.0,1,Endowment,1,0.0,5394.0,0.0,1595,0.91746
2834,5389.0,1,Endowment,1,0.0,5389.0,0.0,1596,0.917678
2936,5388.0,1,Campus Resource,1,5388.0,0.0,0.0,1597,0.917897
2979,5378.0,1,Endowment,1,0.0,5378.0,0.0,1598,0.918115
2653,5368.0,1,Campus Resource,1,5368.0,0.0,0.0,1599,0.918332
1576,5358.0,2,Campus Resource,2,2679.0,2679.0,0.0,1600,0.918549
2384,5353.0,2,Scholarship,2,2178.0,0.0,3175.0,1601,0.918766
2313,5349.0,1,Endowment,1,0.0,5349.0,0.0,1602,0.918983
1792,5342.0,1,Scholarship,1,0.0,0.0,5342.0,1603,0.9192
2935,5329.0,1,Campus Resource,1,5329.0,0.0,0.0,1604,0.919416
2211,5325.0,1,Endowment,1,0.0,5325.0,0.0,1605,0.919632
3283,5273.0,1,Endowment,1,0.0,5273.0,0.0,1606,0.919845
1038,5233.0,2,Campus Resource,1,5233.0,0.0,0.0,1607,0.920057
1146,5212.0,2,Scholarship,2,995.0,0.0,4217.0,1608,0.920269
2122,5202.0,1,Endowment,1,0.0,5202.0,0.0,1609,0.920479
2792,5187.0,1,Scholarship,1,0.0,0.0,5187.0,1610,0.92069
2033,5177.0,1,Endowment,1,0.0,5177.0,0.0,1611,0.9209
1488,5175.0,1,Campus Resource,1,5175.0,0.0,0.0,1612,0.921109
1112,5165.0,1,Scholarship,1,0.0,0.0,5165.0,1613,0.921319
1772,5151.0,1,Scholarship,1,0.0,0.0,5151.0,1614,0.921527
2210,5144.0,1,Endowment,1,0.0,5144.0,0.0,1615,0.921736
1664,5130.0,1,Campus Resource,1,5130.0,0.0,0.0,1616,0.921944
2942,5121.0,1,Scholarship,1,0.0,0.0,5121.0,1617,0.922151
2647,5110.5,1,Scholarship,1,0.0,0.0,5110.5,1618,0.922358
1681,5109.0,1,Scholarship,1,0.0,0.0,5109.0,1619,0.922566
2158,5107.0,1,Scholarship,1,0.0,0.0,5107.0,1620,0.922773
2722,5107.0,1,Scholarship,1,0.0,0.0,5107.0,1621,0.92298
3225,5096.0,1,Scholarship,1,0.0,0.0,5096.0,1622,0.923186
2357,5093.0,1,Campus Resource,1,5093.0,0.0,0.0,1623,0.923393
3251,5088.0,1,Endowment,1,0.0,5088.0,0.0,1624,0.923599
1000,5088.0,1,Scholarship,1,0.0,0.0,5088.0,1625,0.923805
1964,5087.0,3,Campus Resource,2,2802.0,0.0,2285.0,1626,0.924011
3311,5080.0,1,Endowment,1,0.0,5080.0,0.0,1627,0.924217
2867,5072.0,1,Scholarship,1,0.0,0.0,5072.0,1628,0.924423
1791,5068.0,1,Endowment,1,0.0,5068.0,0.0,1629,0.924628
2196,5068.0,1,Scholarship,1,0.0,0.0,5068.0,1630,0.924833
2726,5063.0,1,Scholarship,1,0.0,0.0,5063.0,1631,0.925039
1051,5057.0,1,Endowment,1,0.0,5057.0,0.0,1632,0.925244
1823,5057.0,1,Endowment,1,0.0,5057.0,0.0,1633,0.925449
2734,5046.0,1,Scholarship,1,0.0,0.0,5046.0,1634,0.925653
2084,5040.0,2,Campus Resource,1,5040.0,0.0,0.0,1635,0.925857
3014,5030.0,1,Campus Resource,1,5030.0,0.0,0.0,1636,0.926061
2420,5028.0,2,Scholarship,1,0.0,0.0,5028.0,1637,0.926265
1410,5024.0,2,Campus Resource,1,5024.0,0.0,0.0,1638,0.926469
2847,5023.0,1,Campus Resource,1,5023.0,0.0,0.0,1639,0.926672
1495,5020.0,1,Campus Resource,1,5020.0,0.0,0.0,1640,0.926876
1729,5013.0,1,Endowment,1,0.0,5013.0,0.0,1641,0.927079
2475,5011.0,2,Scholarship,2,701.0,0.0,4310.0,1642,0.927282
2737,5004.0,2,Campus Resource,2,2502.0,0.0,2502.0,1643,0.927485
1486,5002.0,1,Endowment,1,0.0,5002.0,0.0,1644,0.927687
2880,4999.0,1,Scholarship,1,0.0,0.0,4999.0,1645,0.92789
1193,4999.0,2,Scholarship,1,0.0,0.0,4999.0,1646,0.928093
1737,4988.0,1,Endowment,1,0.0,4988.0,0.0,1647,0.928295
2377,4984.0,2,Scholarship,1,0.0,0.0,4984.0,1648,0.928497
1817,4982.0,1,Scholarship,1,0.0,0.0,4982.0,1649,0.928699
2248,4976.0,1,Campus Resource,1,4976.0,0.0,0.0,1650,0.9289
2803,4975.5,1,Endowment,1,0.0,4975.5,0.0,1651,0.929102
3301,4973.0,1,Scholarship,1,0.0,0.0,4973.0,1652,0.929304
1467,4973.0,1,Scholarship,1,0.0,0.0,4973.0,1653,0.929505
2845,4962.0,1,Scholarship,1,0.0,0.0,4962.0,1654,0.929706
1757,4958.0,1,Campus Resource,1,4958.0,0.0,0.0,1655,0.929907
1476,4948.0,1,Endowment,1,0.0,4948.0,0.0,1656,0.930108
2801,4942.0,1,Campus Resource,1,4942.0,0.0,0.0,1657,0.930308
3230,4942.0,1,Campus Resource,1,4942.0,0.0,0.0,1658,0.930508
3253,4933.0,1,Endowment,1,0.0,4933.0,0.0,1659,0.930708
1481,4912.0,1,Endowment,1,0.0,4912.0,0.0,1660,0.930907
1018,4905.0,2,Campus Resource,2,3367.0,0.0,1538.0,1661,0.931106
2764,4898.0,2,Campus Resource,2,2449.0,0.0,2449.0,1662,0.931305
2113,4897.0,1,Scholarship,1,0.0,0.0,4897.0,1663,0.931503
1651,4894.0,1,Endowment,1,0.0,4894.0,0.0,1664,0.931702
2832,4884.0,1,Scholarship,1,0.0,0.0,4884.0,1665,0.9319
1409,4878.0,2,Campus Resource,2,2439.0,2439.0,0.0,1666,0.932097
2184,4877.0,1,Endowment,1,0.0,4877.0,0.0,1667,0.932295
2946,4875.0,1,Campus Resource,1,4875.0,0.0,0.0,1668,0.932493
2810,4857.0,1,Scholarship,1,0.0,0.0,4857.0,1669,0.932689
2166,4852.0,1,Endowment,1,0.0,4852.0,0.0,1670,0.932886
2394,4841.0,2,Endowment,2,501.0,4340.0,0.0,1671,0.933082
2175,4840.0,1,Endowment,1,0.0,4840.0,0.0,1672,0.933278
1631,4828.0,2,Endowment,2,0.0,2414.0,2414.0,1673,0.933474
1778,4821.0,1,Campus Resource,1,4821.0,0.0,0.0,1674,0.93367
1550,4804.0,2,Campus Resource,2,2402.0,0.0,2402.0,1675,0.933864
2232,4804.0,1,Endowment,1,0.0,4804.0,0.0,1676,0.934059
2882,4792.0,1,Endowment,1,0.0,4792.0,0.0,1677,0.934253
1811,4784.0,1,Scholarship,1,0.0,0.0,4784.0,1678,0.934447
3144,4782.0,1,Campus Resource,1,4782.0,0.0,0.0,1679,0.934641
1459,4777.0,1,Scholarship,1,0.0,0.0,4777.0,1680,0.934835
1503,4758.0,2,Scholarship,1,0.0,0.0,4758.0,1681,0.935027
2001,4754.0,2,Endowment,1,0.0,4754.0,0.0,1682,0.93522
1256,4751.0,3,Scholarship,3,373.0,508.0,3870.0,1683,0.935413
1663,4745.0,1,Campus Resource,1,4745.0,0.0,0.0,1684,0.935605
2906,4745.0,1,Scholarship,1,0.0,0.0,4745.0,1685,0.935797
3040,4742.0,1,Scholarship,1,0.0,0.0,4742.0,1686,0.935989
1363,4731.0,1,Campus Resource,1,4731.0,0.0,0.0,1687,0.936181
2649,4713.0,1,Endowment,1,0.0,4713.0,0.0,1688,0.936372
2169,4709.0,1,Campus Resource,1,4709.0,0.0,0.0,1689,0.936563
1832,4705.0,1,Campus Resource,1,4705.0,0.0,0.0,1690,0.936754
1599,4701.0,2,Endowment,2,0.0,2350.5,2350.5,1691,0.936944
2310,4693.0,1,Scholarship,1,0.0,0.0,4693.0,1692,0.937134
2312,4680.0,1,Endowment,1,0.0,4680.0,0.0,1693,0.937324
1666,4680.0,1,Endowment,1,0.0,4680.0,0.0,1694,0.937514
2877,4674.0,1,Campus Resource,1,4674.0,0.0,0.0,1695,0.937703
3231,4672.0,1,Endowment,1,0.0,4672.0,0.0,1696,0.937893
1275,4658.0,1,Endowment,1,0.0,4658.0,0.0,1697,0.938081
1797,4649.0,1,Scholarship,1,0.0,0.0,4649.0,1698,0.93827
3135,4638.0,1,Endowment,1,0.0,4638.0,0.0,1699,0.938458
3128,4636.5,1,Campus Resource,1,4636.5,0.0,0.0,1700,0.938646
1644,4635.0,1,Endowment,1,0.0,4635.0,0.0,1701,0.938834
2920,4627.0,1,Endowment,1,0.0,4627.0,0.0,1702,0.939021
1361,4620.0,1,Endowment,1,0.0,4620.0,0.0,1703,0.939208
3269,4618.0,1,Endowment,1,0.0,4618.0,0.0,1704,0.939396
3137,4616.0,1,Endowment,1,0.0,4616.0,0.0,1705,0.939583
2868,4614.0,1,Scholarship,1,0.0,0.0,4614.0,1706,0.93977
2259,4604.0,1,Endowment,1,0.0,4604.0,0.0,1707,0.939956
1767,4602.0,1,Scholarship,1,0.0,0.0,4602.0,1708,0.940143
2339,4600.0,1,Endowment,1,0.0,4600.0,0.0,1709,0.940329
1539,4600.0,2,Endowment,2,0.0,2300.0,2300.0,1710,0.940516
1814,4582.5,1,Endowment,1,0.0,4582.5,0.0,1711,0.940701
2998,4580.0,1,Endowment,1,0.0,4580.0,0.0,1712,0.940887
2989,4579.0,1,Scholarship,1,0.0,0.0,4579.0,1713,0.941073
2203,4575.0,1,Scholarship,1,0.0,0.0,4575.0,1714,0.941258
2247,4574.0,1,Scholarship,1,0.0,0.0,4574.0,1715,0.941443
3172,4558.0,1,Scholarship,1,0.0,0.0,4558.0,1716,0.941628
2061,4556.0,2,Endowment,2,0.0,4264.0,292.0,1717,0.941813
2233,4547.0,1,Endowment,1,0.0,4547.0,0.0,1718,0.941997
1348,4539.0,1,Campus Resource,1,4539.0,0.0,0.0,1719,0.942181
2055,4528.0,2,Scholarship,2,645.0,0.0,3883.0,1720,0.942365
2273,4517.0,1,Scholarship,1,0.0,0.0,4517.0,1721,0.942548
1285,4512.0,1,Endowment,1,0.0,4512.0,0.0,1722,0.942731
1122,4510.0,1,Scholarship,1,0.0,0.0,4510.0,1723,0.942913
2118,4510.0,1,Endowment,1,0.0,4510.0,0.0,1724,0.943096
2167,4501.0,1,Scholarship,1,0.0,0.0,4501.0,1725,0.943279
1180,4492.0,2,Scholarship,2,0.0,1620.0,2872.0,1726,0.943461
1544,4490.0,2,Campus Resource,2,2245.0,0.0,2245.0,1727,0.943643
3265,4488.0,1,Scholarship,1,0.0,0.0,4488.0,1728,0.943825
1471,4487.0,1,Endowment,1,0.0,4487.0,0.0,1729,0.944006
1461,4469.0,1,Endowment,1,0.0,4469.0,0.0,1730,0.944188
3316,4466.0,1,Endowment,1,0.0,4466.0,0.0,1731,0.944369
3205,4462.0,1,Campus Resource,1,4462.0,0.0,0.0,1732,0.944549
2263,4452.0,1,Endowment,1,0.0,4452.0,0.0,1733,0.94473
1743,4444.5,1,Endowment,1,0.0,4444.5,0.0,1734,0.94491
1204,4439.0,2,Campus Resource,2,2646.0,0.0,1793.0,1735,0.94509
2470,4433.0,2,Scholarship,1,0.0,0.0,4433.0,1736,0.94527
2961,4424.0,1,Endowment,1,0.0,4424.0,0.0,1737,0.945449
1642,4409.0,1,Endowment,1,0.0,4409.0,0.0,1738,0.945628
1843,4404.0,1,Scholarship,1,0.0,0.0,4404.0,1739,0.945806
1447,4384.0,2,Campus Resource,2,2192.0,0.0,2192.0,1740,0.945984
3069,4383.0,1,Endowment,1,0.0,4383.0,0.0,1741,0.946161
1722,4382.0,1,Scholarship,1,0.0,0.0,4382.0,1742,0.946339
2648,4371.0,1,Scholarship,1,0.0,0.0,4371.0,1743,0.946516
2821,4357.0,1,Endowment,1,0.0,4357.0,0.0,1744,0.946693
1114,4356.0,1,Endowment,1,0.0,4356.0,0.0,1745,0.946869
2908,4354.0,1,Endowment,1,0.0,4354.0,0.0,1746,0.947046
2356,4332.0,1,Endowment,1,0.0,4332.0,0.0,1747,0.947221
1117,4328.0,1,Scholarship,1,0.0,0.0,4328.0,1748,0.947397
1489,4328.0,1,Scholarship,1,0.0,0.0,4328.0,1749,0.947572
2131,4327.0,1,Scholarship,1,0.0,0.0,4327.0,1750,0.947748
3007,4323.0,1,Endowment,1,0.0,4323.0,0.0,1751,0.947923
1043,4321.0,2,Endowment,2,1797.0,2524.0,0.0,1752,0.948098
2870,4321.0,1,Scholarship,1,0.0,0.0,4321.0,1753,0.948273
3313,4319.0,1,Endowment,1,0.0,4319.0,0.0,1754,0.948448
2085,4309.0,2,Scholarship,1,0.0,0.0,4309.0,1755,0.948623
1756,4286.0,1,Scholarship,1,0.0,0.0,4286.0,1756,0.948796
2090,4269.0,2,Scholarship,1,0.0,0.0,4269.0,1757,0.948969
1152,4260.0,2,Endowment,2,0.0,2402.0,1858.0,1758,0.949142
1413,4260.0,2,Endowment,1,0.0,4260.0,0.0,1759,0.949315
1441,4256.0,2,Endowment,2,0.0,2128.0,2128.0,1760,0.949487
1738,4256.0,1,Scholarship,1,0.0,0.0,4256.0,1761,0.94966
1803,4239.0,1,Scholarship,1,0.0,0.0,4239.0,1762,0.949832
1508,4238.0,2,Scholarship,1,0.0,0.0,4238.0,1763,0.950003
1774,4238.0,1,Scholarship,1,0.0,0.0,4238.0,1764,0.950175
2887,4238.0,1,Scholarship,1,0.0,0.0,4238.0,1765,0.950347
1359,4232.0,1,Scholarship,1,0.0,0.0,4232.0,1766,0.950518
2217,4222.0,1,Endowment,1,0.0,4222.0,0.0,1767,0.95069
1661,4217.0,1,Endowment,1,0.0,4217.0,0.0,1768,0.95086
2921,4216.0,1,Endowment,1,0.0,4216.0,0.0,1769,0.951031
1367,4213.0,3,Campus Resource,2,3292.0,921.0,0.0,1770,0.951202
1475,4209.0,1,Scholarship,1,0.0,0.0,4209.0,1771,0.951373
2293,4189.0,1,Scholarship,1,0.0,0.0,4189.0,1772,0.951542
1739,4187.0,1,Scholarship,1,0.0,0.0,4187.0,1773,0.951712
2884,4185.0,1,Campus Resource,1,4185.0,0.0,0.0,1774,0.951882
1101,4172.0,2,Endowment,1,0.0,4172.0,0.0,1775,0.952051
3028,4171.0,1,Scholarship,1,0.0,0.0,4171.0,1776,0.95222
2299,4164.0,1,Endowment,1,0.0,4164.0,0.0,1777,0.952389
1225,4152.0,2,Campus Resource,2,3885.0,0.0,267.0,1778,0.952557
2843,4151.0,1,Campus Resource,1,4151.0,0.0,0.0,1779,0.952725
2422,4143.0,2,Scholarship,2,0.0,665.0,3478.0,1780,0.952893
2762,4140.0,2,Endowment,2,0.0,2070.0,2070.0,1781,0.953061
3148,4134.0,1,Scholarship,1,0.0,0.0,4134.0,1782,0.953228
2363,4130.0,1,Endowment,1,0.0,4130.0,0.0,1783,0.953396
2336,4125.0,1,Endowment,1,0.0,4125.0,0.0,1784,0.953563
1072,4123.0,1,Endowment,1,0.0,4123.0,0.0,1785,0.95373
3255,4111.0,1,Scholarship,1,0.0,0.0,4111.0,1786,0.953897
1800,4111.0,1,Campus Resource,1,4111.0,0.0,0.0,1787,0.954063
2970,4105.0,1,Scholarship,1,0.0,0.0,4105.0,1788,0.95423
2359,4095.0,1,Scholarship,1,0.0,0.0,4095.0,1789,0.954396
1111,4090.0,1,Campus Resource,1,4090.0,0.0,0.0,1790,0.954562
3085,4089.0,1,Scholarship,1,0.0,0.0,4089.0,1791,0.954727
2276,4083.0,1,Campus Resource,1,4083.0,0.0,0.0,1792,0.954893
1821,4078.0,1,Endowment,1,0.0,4078.0,0.0,1793,0.955058
3240,4065.0,1,Endowment,1,0.0,4065.0,0.0,1794,0.955223
1128,4065.0,1,Campus Resource,1,4065.0,0.0,0.0,1795,0.955388
1436,4062.0,2,Endowment,1,0.0,4062.0,0.0,1796,0.955552
1807,4059.0,1,Endowment,1,0.0,4059.0,0.0,1797,0.955717
2986,4048.0,1,Scholarship,1,0.0,0.0,4048.0,1798,0.955881
3080,4037.0,1,Endowment,1,0.0,4037.0,0.0,1799,0.956044
3044,4036.0,1,Endowment,1,0.0,4036.0,0.0,1800,0.956208
1485,4036.0,1,Endowment,1,0.0,4036.0,0.0,1801,0.956372
1082,4034.0,1,Scholarship,1,0.0,0.0,4034.0,1802,0.956535
1172,4032.0,2,Campus Resource,1,4032.0,0.0,0.0,1803,0.956698
2660,4022.0,1,Scholarship,1,0.0,0.0,4022.0,1804,0.956861
1815,4014.0,1,Endowment,1,0.0,4014.0,0.0,1805,0.957024
1474,4012.0,1,Endowment,1,0.0,4012.0,0.0,1806,0.957187
2788,4001.0,1,Campus Resource,1,4001.0,0.0,0.0,1807,0.957349
2881,3995.0,1,Scholarship,1,0.0,0.0,3995.0,1808,0.957511
2437,3994.0,2,Scholarship,1,0.0,0.0,3994.0,1809,0.957673
3276,3985.0,1,Scholarship,1,0.0,0.0,3985.0,1810,0.957834
2907,3978.0,1,Scholarship,1,0.0,0.0,3978.0,1811,0.957995
1182,3977.0,2,Campus Resource,2,3804.0,0.0,173.0,1812,0.958157
3245,3964.0,1,Endowment,1,0.0,3964.0,0.0,1813,0.958317
2945,3957.0,1,Endowment,1,0.0,3957.0,0.0,1814,0.958478
2187,3947.0,1,Endowment,1,0.0,3947.0,0.0,1815,0.958638
1839,3931.0,1,Scholarship,1,0.0,0.0,3931.0,1816,0.958797
1414,3930.0,2,Campus Resource,2,1965.0,0.0,1965.0,1817,0.958956
2640,3889.0,1,Scholarship,1,0.0,0.0,3889.0,1818,0.959114
2715,3885.0,1,Scholarship,1,0.0,0.0,3885.0,1819,0.959271
1695,3885.0,1,Endowment,1,0.0,3885.0,0.0,1820,0.959429
2021,3880.0,2,Scholarship,2,0.0,1601.0,2279.0,1821,0.959586
1865,3870.0,1,Endowment,1,0.0,3870.0,0.0,1822,0.959743
2354,3825.0,1,Scholarship,1,0.0,0.0,3825.0,1823,0.959898
1071,3820.0,1,Endowment,1,0.0,3820.0,0.0,1824,0.960053
1062,3818.0,1,Endowment,1,0.0,3818.0,0.0,1825,0.960208
2185,3802.0,1,Campus Resource,1,3802.0,0.0,0.0,1826,0.960362
1993,3799.0,2,Endowment,1,0.0,3799.0,0.0,1827,0.960516
1776,3793.0,1,Endowment,1,0.0,3793.0,0.0,1828,0.960669
1001,3793.0,1,Scholarship,1,0.0,0.0,3793.0,1829,0.960823
1278,3791.0,1,Endowment,1,0.0,3791.0,0.0,1830,0.960977
2281,3784.0,1,Campus Resource,1,3784.0,0.0,0.0,1831,0.96113
1067,3784.0,1,Scholarship,1,0.0,0.0,3784.0,1832,0.961283
2037,3780.0,1,Scholarship,1,0.0,0.0,3780.0,1833,0.961437
2337,3761.0,1,Endowment,1,0.0,3761.0,0.0,1834,0.961589
2844,3757.0,1,Scholarship,1,0.0,0.0,3757.0,1835,0.961741
3254,3752.0,1,Scholarship,1,0.0,0.0,3752.0,1836,0.961893
2143,3742.0,2,Endowment,1,0.0,3742.0,0.0,1837,0.962045
2134,3742.0,1,Endowment,1,0.0,3742.0,0.0,1838,0.962197
3003,3736.0,1,Scholarship,1,0.0,0.0,3736.0,1839,0.962348
2053,3734.0,2,Endowment,2,1270.0,2464.0,0.0,1840,0.9625
1746,3724.0,1,Campus Resource,1,3724.0,0.0,0.0,1841,0.962651
2361,3722.0,1,Scholarship,1,0.0,0.0,3722.0,1842,0.962801
2222,3721.0,1,Scholarship,1,0.0,0.0,3721.0,1843,0.962952
2262,3714.0,1,Scholarship,1,0.0,0.0,3714.0,1844,0.963103
1567,3696.0,2,Scholarship,1,0.0,0.0,3696.0,1845,0.963253
1712,3670.0,1,Endowment,1,0.0,3670.0,0.0,1846,0.963401
1233,3670.0,1,Campus Resource,1,3670.0,0.0,0.0,1847,0.96355
1150,3663.0,2,Campus Resource,1,3663.0,0.0,0.0,1848,0.963698
2855,3663.0,1,Campus Resource,1,3663.0,0.0,0.0,1849,0.963847
1561,3648.0,2,Endowment,2,0.0,1824.0,1824.0,1850,0.963995
1641,3648.0,1,Endowment,1,0.0,3648.0,0.0,1851,0.964143
1198,3648.0,1,Campus Resource,1,3648.0,0.0,0.0,1852,0.96429
2245,3620.0,1,Scholarship,1,0.0,0.0,3620.0,1853,0.964437
1857,3618.0,1,Campus Resource,1,3618.0,0.0,0.0,1854,0.964584
3193,3606.0,1,Campus Resource,1,3606.0,0.0,0.0,1855,0.96473
1548,3594.0,2,Endowment,2,0.0,1797.0,1797.0,1856,0.964876
1714,3584.0,1,Scholarship,1,0.0,0.0,3584.0,1857,0.965021
2128,3577.0,1,Scholarship,1,0.0,0.0,3577.0,1858,0.965166
1594,3556.0,2,Campus Resource,2,1778.0,0.0,1778.0,1859,0.96531
2287,3556.0,1,Scholarship,1,0.0,0.0,3556.0,1860,0.965454
1744,3549.0,1,Endowment,1,0.0,3549.0,0.0,1861,0.965598
3177,3547.0,1,Scholarship,1,0.0,0.0,3547.0,1862,0.965742
1711,3539.0,1,Scholarship,1,0.0,0.0,3539.0,1863,0.965885
3268,3527.0,1,Scholarship,1,0.0,0.0,3527.0,1864,0.966028
3035,3514.0,1,Campus Resource,1,3514.0,0.0,0.0,1865,0.966171
1669,3496.0,1,Campus Resource,1,3496.0,0.0,0.0,1866,0.966312
2776,3486.0,2,Endowment,2,0.0,1743.0,1743.0,1867,0.966454
1416,3486.0,2,Scholarship,1,0.0,0.0,3486.0,1868,0.966595
1443,3474.0,2,Scholarship,1,0.0,0.0,3474.0,1869,0.966736
2876,3473.0,1,Endowment,1,0.0,3473.0,0.0,1870,0.966876
2127,3468.0,1,Scholarship,1,0.0,0.0,3468.0,1871,0.967017
3239,3459.0,1,Endowment,1,0.0,3459.0,0.0,1872,0.967157
1601,3440.0,2,Campus Resource,2,1720.0,1720.0,0.0,1873,0.967297
2198,3438.0,1,Endowment,1,0.0,3438.0,0.0,1874,0.967436
1662,3411.0,1,Scholarship,1,0.0,0.0,3411.0,1875,0.967574
1162,3403.0,1,Scholarship,1,0.0,0.0,3403.0,1876,0.967712
2335,3392.0,1,Scholarship,1,0.0,0.0,3392.0,1877,0.96785
1075,3379.0,1,Campus Resource,1,3379.0,0.0,0.0,1878,0.967987
2963,3373.0,1,Endowment,1,0.0,3373.0,0.0,1879,0.968123
2812,3364.0,1,Endowment,1,0.0,3364.0,0.0,1880,0.96826
2212,3351.0,1,Campus Resource,1,3351.0,0.0,0.0,1881,0.968395
1126,3349.0,1,Endowment,1,0.0,3349.0,0.0,1882,0.968531
2836,3345.0,1,Scholarship,1,0.0,0.0,3345.0,1883,0.968667
2292,3328.0,1,Campus Resource,1,3328.0,0.0,0.0,1884,0.968802
2652,3303.0,1,Endowment,1,0.0,3303.0,0.0,1885,0.968935
2783,3301.0,1,Scholarship,1,0.0,0.0,3301.0,1886,0.969069
2752,3296.0,2,Scholarship,1,0.0,0.0,3296.0,1887,0.969203
2902,3285.0,1,Campus Resource,1,3285.0,0.0,0.0,1888,0.969336
2530,3283.0,2,Scholarship,2,0.0,1503.0,1780.0,1889,0.969469
3050,3270.0,1,Endowment,1,0.0,3270.0,0.0,1890,0.969602
1565,3268.0,2,Endowment,2,0.0,1634.0,1634.0,1891,0.969734
2317,3267.0,1,Scholarship,1,0.0,0.0,3267.0,1892,0.969866
1426,3266.0,2,Endowment,2,0.0,1633.0,1633.0,1893,0.969999
1709,3263.0,1,Scholarship,1,0.0,0.0,3263.0,1894,0.970131
2101,3263.0,1,Endowment,1,0.0,3263.0,0.0,1895,0.970263
1232,3263.0,1,Endowment,1,0.0,3263.0,0.0,1896,0.970396
3271,3255.0,1,Scholarship,1,0.0,0.0,3255.0,1897,0.970528
2020,3255.0,2,Endowment,1,0.0,3255.0,0.0,1898,0.970659
1793,3254.0,1,Scholarship,1,0.0,0.0,3254.0,1899,0.970791
2700,3254.0,1,Endowment,1,0.0,3254.0,0.0,1900,0.970923
1573,3248.0,2,Endowment,1,0.0,3248.0,0.0,1901,0.971055
1352,3240.0,1,Scholarship,1,0.0,0.0,3240.0,1902,0.971186
1606,3240.0,2,Endowment,2,0.0,1620.0,1620.0,1903,0.971318
3181,3230.0,1,Endowment,1,0.0,3230.0,0.0,1904,0.971448
2996,3228.0,1,Campus Resource,1,3228.0,0.0,0.0,1905,0.971579
2241,3219.0,1,Scholarship,1,0.0,0.0,3219.0,1906,0.97171
2709,3207.0,1,Scholarship,1,0.0,0.0,3207.0,1907,0.97184
3136,3204.0,1,Campus Resource,1,3204.0,0.0,0.0,1908,0.97197
1603,3174.0,2,Endowment,2,0.0,1587.0,1587.0,1909,0.972098
2666,3172.0,1,Scholarship,1,0.0,0.0,3172.0,1910,0.972227
2852,3171.0,1,Campus Resource,1,3171.0,0.0,0.0,1911,0.972355
2794,3170.0,1,Endowment,1,0.0,3170.0,0.0,1912,0.972484
2244,3158.0,1,Scholarship,1,0.0,0.0,3158.0,1913,0.972612
3215,3139.0,1,Scholarship,1,0.0,0.0,3139.0,1914,0.972739
2315,3138.0,1,Campus Resource,1,3138.0,0.0,0.0,1915,0.972866
1730,3135.0,1,Endowment,1,0.0,3135.0,0.0,1916,0.972993
1239,3135.0,1,Scholarship,1,0.0,0.0,3135.0,1917,0.97312
2297,3132.0,1,Scholarship,1,0.0,0.0,3132.0,1918,0.973247
1510,3126.0,2,Endowment,2,0.0,1563.0,1563.0,1919,0.973374
2013,3118.0,2,Scholarship,2,0.0,1556.0,1562.0,1920,0.9735
2176,3115.0,1,Endowment,1,0.0,3115.0,0.0,1921,0.973627
1482,3110.0,1,Scholarship,1,0.0,0.0,3110.0,1922,0.973753
3156,3095.0,1,Scholarship,1,0.0,0.0,3095.0,1923,0.973878
2976,3078.0,1,Endowment,1,0.0,3078.0,0.0,1924,0.974003
1783,3071.0,1,Endowment,1,0.0,3071.0,0.0,1925,0.974127
1827,3057.0,1,Endowment,1,0.0,3057.0,0.0,1926,0.974251
1052,3057.0,1,Campus Resource,1,3057.0,0.0,0.0,1927,0.974375
1065,3045.0,1,Campus Resource,1,3045.0,0.0,0.0,1928,0.974499
1142,3029.0,2,Endowment,2,0.0,2646.0,383.0,1929,0.974621
2009,3028.0,2,Scholarship,1,0.0,0.0,3028.0,1930,0.974744
2922,3022.0,1,Endowment,1,0.0,3022.0,0.0,1931,0.974866
2328,3010.0,1,Endowment,1,0.0,3010.0,0.0,1932,0.974988
2736,3006.0,2,Campus Resource,2,1503.0,1503.0,0.0,1933,0.97511
2407,2984.0,2,Endowment,2,0.0,2665.0,319.0,1934,0.975231
2773,2980.0,2,Campus Resource,2,1490.0,0.0,1490.0,1935,0.975352
1680,2966.0,1,Scholarship,1,0.0,0.0,2966.0,1936,0.975472
2677,2966.0,1,Scholarship,1,0.0,0.0,2966.0,1937,0.975592
1468,2965.0,1,Scholarship,1,0.0,0.0,2965.0,1938,0.975713
1779,2960.0,1,Endowment,1,0.0,2960.0,0.0,1939,0.975833
3133,2960.0,1,Scholarship,1,0.0,0.0,2960.0,1940,0.975953
1736,2959.0,1,Scholarship,1,0.0,0.0,2959.0,1941,0.976073
2747,2958.0,2,Scholarship,1,0.0,0.0,2958.0,1942,0.976192
1002,2952.0,1,Scholarship,1,0.0,0.0,2952.0,1943,0.976312
2962,2939.0,1,Campus Resource,1,2939.0,0.0,0.0,1944,0.976431
2644,2931.0,1,Endowment,1,0.0,2931.0,0.0,1945,0.97655
2693,2926.0,1,Scholarship,1,0.0,0.0,2926.0,1946,0.976669
2965,2925.0,1,Endowment,1,0.0,2925.0,0.0,1947,0.976787
1272,2919.0,1,Endowment,1,0.0,2919.0,0.0,1948,0.976905
2031,2896.0,1,Campus Resource,1,2896.0,0.0,0.0,1949,0.977023
2985,2891.0,1,Endowment,1,0.0,2891.0,0.0,1950,0.97714
1585,2882.0,2,Endowment,2,0.0,1441.0,1441.0,1951,0.977257
1127,2879.0,1,Campus Resource,1,2879.0,0.0,0.0,1952,0.977373
3055,2877.0,1,Campus Resource,1,2877.0,0.0,0.0,1953,0.97749
1003,2872.0,1,Scholarship,1,0.0,0.0,2872.0,1954,0.977606
2934,2869.0,1,Scholarship,1,0.0,0.0,2869.0,1955,0.977723
1611,2866.0,2,Endowment,1,0.0,2866.0,0.0,1956,0.977839
2772,2866.0,2,Endowment,2,0.0,1433.0,1433.0,1957,0.977955
1364,2864.0,1,Campus Resource,1,2864.0,0.0,0.0,1958,0.978071
2338,2861.0,1,Endowment,1,0.0,2861.0,0.0,1959,0.978187
2295,2850.0,1,Campus Resource,1,2850.0,0.0,0.0,1960,0.978303
1768,2845.0,1,Scholarship,1,0.0,0.0,2845.0,1961,0.978418
3086,2823.0,1,Endowment,1,0.0,2823.0,0.0,1962,0.978532
2136,2822.0,2,Campus Resource,2,1411.0,0.0,1411.0,1963,0.978647
2890,2820.0,1,Scholarship,1,0.0,0.0,2820.0,1964,0.978761
2915,2813.0,1,Scholarship,1,0.0,0.0,2813.0,1965,0.978875
2674,2810.0,1,Scholarship,1,0.0,0.0,2810.0,1966,0.978989
1726,2808.0,1,Campus Resource,1,2808.0,0.0,0.0,1967,0.979103
2485,2807.0,2,Scholarship,1,0.0,0.0,2807.0,1968,0.979217
1490,2805.0,1,Endowment,1,0.0,2805.0,0.0,1969,0.97933
3304,2800.0,1,Campus Resource,1,2800.0,0.0,0.0,1970,0.979444
2727,2797.0,1,Scholarship,1,0.0,0.0,2797.0,1971,0.979557
2117,2775.0,1,Endowment,1,0.0,2775.0,0.0,1972,0.97967
1499,2768.0,2,Endowment,2,0.0,1384.0,1384.0,1973,0.979782
2219,2768.0,1,Scholarship,1,0.0,0.0,2768.0,1974,0.979894
1383,2764.0,1,Endowment,1,0.0,2764.0,0.0,1975,0.980006
2871,2750.0,1,Endowment,1,0.0,2750.0,0.0,1976,0.980117
3002,2750.0,1,Scholarship,1,0.0,0.0,2750.0,1977,0.980229
2833,2741.0,1,Endowment,1,0.0,2741.0,0.0,1978,0.98034
1099,2737.0,2,Scholarship,2,1117.0,0.0,1620.0,1979,0.980451
3179,2734.0,1,Endowment,1,0.0,2734.0,0.0,1980,0.980562
1282,2733.0,1,Scholarship,1,0.0,0.0,2733.0,1981,0.980672
2115,2731.0,1,Campus Resource,1,2731.0,0.0,0.0,1982,0.980783
1735,2731.0,1,Scholarship,1,0.0,0.0,2731.0,1983,0.980894
1077,2727.0,1,Scholarship,1,0.0,0.0,2727.0,1984,0.981004
1763,2720.0,1,Scholarship,1,0.0,0.0,2720.0,1985,0.981115
2370,2717.0,1,Campus Resource,1,2717.0,0.0,0.0,1986,0.981225
1458,2705.0,1,Campus Resource,1,2705.0,0.0,0.0,1987,0.981334
3005,2697.0,1,Campus Resource,1,2697.0,0.0,0.0,1988,0.981444
1165,2679.0,1,Endowment,1,0.0,2679.0,0.0,1989,0.981552
3308,2674.0,1,Endowment,1,0.0,2674.0,0.0,1990,0.981661
1751,2668.0,1,Scholarship,1,0.0,0.0,2668.0,1991,0.981769
3310,2652.0,1,Scholarship,1,0.0,0.0,2652.0,1992,0.981876
2362,2649.0,1,Scholarship,1,0.0,0.0,2649.0,1993,0.981984
3093,2647.0,1,Scholarship,1,0.0,0.0,2647.0,1994,0.982091
1653,2646.0,1,Campus Resource,1,2646.0,0.0,0.0,1995,0.982198
2189,2640.0,1,Scholarship,1,0.0,0.0,2640.0,1996,0.982305
1693,2639.0,1,Scholarship,1,0.0,0.0,2639.0,1997,0.982412
1231,2639.0,1,Campus Resource,1,2639.0,0.0,0.0,1998,0.982519
2291,2611.0,1,Endowment,1,0.0,2611.0,0.0,1999,0.982625
2065,2588.0,2,Scholarship,1,0.0,0.0,2588.0,2000,0.98273
1754,2587.0,1,Campus Resource,1,2587.0,0.0,0.0,2001,0.982835
2661,2587.0,1,Endowment,1,0.0,2587.0,0.0,2002,0.982939
1016,2585.0,1,Scholarship,1,0.0,0.0,2585.0,2003,0.983044
2853,2577.0,1,Campus Resource,1,2577.0,0.0,0.0,2004,0.983149
2819,2576.0,1,Campus Resource,1,2576.0,0.0,0.0,2005,0.983253
2938,2575.0,1,Campus Resource,1,2575.0,0.0,0.0,2006,0.983357
1083,2556.0,1,Endowment,1,0.0,2556.0,0.0,2007,0.983461
2731,2533.0,1,Scholarship,1,0.0,0.0,2533.0,2008,0.983564
2223,2529.0,1,Scholarship,1,0.0,0.0,2529.0,2009,0.983666
1794,2524.0,1,Endowment,1,0.0,2524.0,0.0,2010,0.983769
1346,2517.0,1,Scholarship,1,0.0,0.0,2517.0,2011,0.983871
1041,2512.0,2,Endowment,2,0.0,2245.0,267.0,2012,0.983972
1456,2473.0,1,Endowment,1,0.0,2473.0,0.0,2013,0.984073
3091,2470.5,1,Endowment,1,0.0,2470.5,0.0,2014,0.984173
1655,2468.0,1,Scholarship,1,0.0,0.0,2468.0,2015,0.984273
3121,2467.0,1,Scholarship,1,0.0,0.0,2467.0,2016,0.984373
2865,2458.0,1,Endowment,1,0.0,2458.0,0.0,2017,0.984472
2638,2448.0,1,Scholarship,1,0.0,0.0,2448.0,2018,0.984572
2348,2442.0,1,Scholarship,1,0.0,0.0,2442.0,2019,0.984671
1759,2441.0,1,Endowment,1,0.0,2441.0,0.0,2020,0.984769
1006,2439.0,2,Campus Resource,1,2439.0,0.0,0.0,2021,0.984868
2352,2435.0,1,Campus Resource,1,2435.0,0.0,0.0,2022,0.984967
1066,2429.0,1,Scholarship,1,0.0,0.0,2429.0,2023,0.985065
1765,2422.0,1,Endowment,1,0.0,2422.0,0.0,2024,0.985164
2364,2407.0,1,Endowment,1,0.0,2407.0,0.0,2025,0.985261
1837,2396.0,1,Scholarship,1,0.0,0.0,2396.0,2026,0.985358
1621,2396.0,2,Campus Resource,2,1198.0,0.0,1198.0,2027,0.985455
3261,2395.0,1,Campus Resource,1,2395.0,0.0,0.0,2028,0.985553
2227,2390.0,1,Campus Resource,1,2390.0,0.0,0.0,2029,0.985649
3288,2388.0,1,Endowment,1,0.0,2388.0,0.0,2030,0.985746
1381,2372.0,2,Scholarship,1,0.0,0.0,2372.0,2031,0.985842
2237,2368.0,1,Scholarship,1,0.0,0.0,2368.0,2032,0.985938
2279,2338.0,1,Endowment,1,0.0,2338.0,0.0,2033,0.986033
2367,2336.0,1,Campus Resource,1,2336.0,0.0,0.0,2034,0.986128
2306,2331.0,1,Endowment,1,0.0,2331.0,0.0,2035,0.986222
2110,2329.0,1,Endowment,1,0.0,2329.0,0.0,2036,0.986317
2155,2325.0,1,Endowment,1,0.0,2325.0,0.0,2037,0.986411
2987,2319.0,1,Scholarship,1,0.0,0.0,2319.0,2038,0.986505
1820,2310.0,1,Endowment,1,0.0,2310.0,0.0,2039,0.986598
2688,2307.0,1,Scholarship,1,0.0,0.0,2307.0,2040,0.986692
1787,2293.0,1,Scholarship,1,0.0,0.0,2293.0,2041,0.986785
2719,2277.0,1,Endowment,1,0.0,2277.0,0.0,2042,0.986877
3019,2277.0,1,Scholarship,1,0.0,0.0,2277.0,2043,0.986969
1717,2271.0,1,Endowment,1,0.0,2271.0,0.0,2044,0.987061
3280,2268.0,1,Endowment,1,0.0,2268.0,0.0,2045,0.987153
1692,2267.0,1,Scholarship,1,0.0,0.0,2267.0,2046,0.987245
1771,2266.0,1,Campus Resource,1,2266.0,0.0,0.0,2047,0.987337
2761,2264.0,2,Scholarship,1,0.0,0.0,2264.0,2048,0.987429
2349,2253.0,1,Endowment,1,0.0,2253.0,0.0,2049,0.98752
2848,2251.0,1,Endowment,1,0.0,2251.0,0.0,2050,0.987611
3010,2242.0,1,Scholarship,1,0.0,0.0,2242.0,2051,0.987702
2984,2242.0,1,Endowment,1,0.0,2242.0,0.0,2052,0.987793
1704,2237.0,1,Scholarship,1,0.0,0.0,2237.0,2053,0.987884
2278,2233.0,1,Endowment,1,0.0,2233.0,0.0,2054,0.987974
2225,2229.0,1,Scholarship,1,0.0,0.0,2229.0,2055,0.988065
1633,2210.0,2,Campus Resource,1,2210.0,0.0,0.0,2056,0.988154
1013,2209.0,1,Endowment,1,0.0,2209.0,0.0,2057,0.988244
3222,2209.0,1,Scholarship,1,0.0,0.0,2209.0,2058,0.988333
1713,2206.0,1,Scholarship,1,0.0,0.0,2206.0,2059,0.988423
2399,2181.0,2,Scholarship,2,0.0,52.0,2129.0,2060,0.988511
2114,2163.0,1,Campus Resource,1,2163.0,0.0,0.0,2061,0.988599
2220,2162.0,1,Endowment,1,0.0,2162.0,0.0,2062,0.988686
1354,2136.0,1,Scholarship,1,0.0,0.0,2136.0,2063,0.988773
2820,2132.0,1,Campus Resource,1,2132.0,0.0,0.0,2064,0.988859
1131,2119.0,1,Scholarship,1,0.0,0.0,2119.0,2065,0.988945
2265,2107.0,1,Endowment,1,0.0,2107.0,0.0,2066,0.989031
2681,2088.0,1,Endowment,1,0.0,2088.0,0.0,2067,0.989115
1362,2081.0,1,Endowment,1,0.0,2081.0,0.0,2068,0.9892
2891,2081.0,1,Endowment,1,0.0,2081.0,0.0,2069,0.989284
1734,2065.0,1,Endowment,1,0.0,2065.0,0.0,2070,0.989368
3189,2049.0,1,Endowment,1,0.0,2049.0,0.0,2071,0.989451
1796,2049.0,1,Scholarship,1,0.0,0.0,2049.0,2072,0.989534
1781,2048.0,1,Scholarship,1,0.0,0.0,2048.0,2073,0.989617
2469,2047.0,2,Endowment,2,0.0,1754.0,293.0,2074,0.9897
2351,2028.0,1,Endowment,1,0.0,2028.0,0.0,2075,0.989782
3169,2021.0,1,Endowment,1,0.0,2021.0,0.0,2076,0.989864
1750,2015.0,1,Endowment,1,0.0,2015.0,0.0,2077,0.989946
1032,2015.0,1,Scholarship,1,0.0,0.0,2015.0,2078,0.990027
3131,1999.0,1,Endowment,1,0.0,1999.0,0.0,2079,0.990108
3197,1995.0,1,Endowment,1,0.0,1995.0,0.0,2080,0.990189
2330,1994.0,1,Endowment,1,0.0,1994.0,0.0,2081,0.99027
1538,1990.0,2,Endowment,1,0.0,1990.0,0.0,2082,0.990351
1454,1960.0,1,Scholarship,1,0.0,0.0,1960.0,2083,0.99043
1716,1954.0,1,Scholarship,1,0.0,0.0,1954.0,2084,0.990509
2813,1943.0,1,Endowment,1,0.0,1943.0,0.0,2085,0.990588
2243,1942.0,1,Endowment,1,0.0,1942.0,0.0,2086,0.990667
2509,1939.0,2,Scholarship,1,0.0,0.0,1939.0,2087,0.990745
2846,1925.0,1,Scholarship,1,0.0,0.0,1925.0,2088,0.990823
1773,1920.0,1,Scholarship,1,0.0,0.0,1920.0,2089,0.990901
1574,1920.0,2,Scholarship,1,0.0,0.0,1920.0,2090,0.990979
1371,1913.0,1,Endowment,1,0.0,1913.0,0.0,2091,0.991056
1106,1901.0,2,Campus Resource,2,1437.0,0.0,464.0,2092,0.991134
1284,1897.0,1,Scholarship,1,0.0,0.0,1897.0,2093,0.99121
2119,1896.0,1,Scholarship,1,0.0,0.0,1896.0,2094,0.991287
3103,1885.0,1,Scholarship,1,0.0,0.0,1885.0,2095,0.991364
3213,1885.0,1,Campus Resource,1,1885.0,0.0,0.0,2096,0.99144
2342,1879.0,1,Campus Resource,1,1879.0,0.0,0.0,2097,0.991516
1466,1867.0,1,Scholarship,1,0.0,0.0,1867.0,2098,0.991592
1685,1864.0,1,Endowment,1,0.0,1864.0,0.0,2099,0.991667
1110,1858.0,1,Campus Resource,1,1858.0,0.0,0.0,2100,0.991743
1673,1858.0,1,Scholarship,1,0.0,0.0,1858.0,2101,0.991818
3146,1842.0,1,Scholarship,1,0.0,0.0,1842.0,2102,0.991893
1961,1834.0,3,Scholarship,2,0.0,16.0,1818.0,2103,0.991967
3034,1822.0,1,Campus Resource,1,1822.0,0.0,0.0,2104,0.992041
3071,1818.0,1,Scholarship,1,0.0,0.0,1818.0,2105,0.992115
2707,1815.0,1,Scholarship,1,0.0,0.0,1815.0,2106,0.992188
2818,1810.0,1,Campus Resource,1,1810.0,0.0,0.0,2107,0.992261
2849,1789.5,1,Campus Resource,1,1789.5,0.0,0.0,2108,0.992334
3130,1782.0,1,Campus Resource,1,1782.0,0.0,0.0,2109,0.992406
3054,1782.0,1,Campus Resource,1,1782.0,0.0,0.0,2110,0.992478
2822,1720.0,1,Endowment,1,0.0,1720.0,0.0,2111,0.992548
2641,1717.0,1,Endowment,1,0.0,1717.0,0.0,2112,0.992618
2873,1716.0,1,Scholarship,1,0.0,0.0,1716.0,2113,0.992687
1283,1715.0,1,Scholarship,1,0.0,0.0,1715.0,2114,0.992757
2253,1707.0,1,Endowment,1,0.0,1707.0,0.0,2115,0.992826
1121,1700.0,1,Endowment,1,0.0,1700.0,0.0,2116,0.992895
1856,1695.0,1,Endowment,1,0.0,1695.0,0.0,2117,0.992964
2973,1672.0,1,Scholarship,1,0.0,0.0,1672.0,2118,0.993031
1696,1667.0,1,Scholarship,1,0.0,0.0,1667.0,2119,0.993099
2779,1666.0,2,Campus Resource,1,1666.0,0.0,0.0,2120,0.993166
1194,1657.5,1,Campus Resource,1,1657.5,0.0,0.0,2121,0.993234
2874,1655.0,1,Endowment,1,0.0,1655.0,0.0,2122,0.993301
1091,1647.0,2,Scholarship,2,0.0,554.0,1093.0,2123,0.993367
1707,1645.0,1,Endowment,1,0.0,1645.0,0.0,2124,0.993434
2897,1635.0,1,Campus Resource,1,1635.0,0.0,0.0,2125,0.9935
1636,1632.0,2,Scholarship,1,0.0,0.0,1632.0,2126,0.993567
1840,1617.0,1,Scholarship,1,0.0,0.0,1617.0,2127,0.993632
2170,1609.0,1,Scholarship,1,0.0,0.0,1609.0,2128,0.993697
2152,1606.0,1,Campus Resource,1,1606.0,0.0,0.0,2129,0.993762
2234,1599.0,1,Campus Resource,1,1599.0,0.0,0.0,2130,0.993827
2919,1596.0,1,Endowment,1,0.0,1596.0,0.0,2131,0.993892
3270,1590.0,1,Campus Resource,1,1590.0,0.0,0.0,2132,0.993956
2642,1584.0,1,Scholarship,1,0.0,0.0,1584.0,2133,0.994021
3077,1577.0,1,Endowment,1,0.0,1577.0,0.0,2134,0.994084
1188,1571.0,2,Scholarship,2,0.0,373.0,1198.0,2135,0.994148
1132,1563.0,1,Scholarship,1,0.0,0.0,1563.0,2136,0.994211
1703,1553.0,1,Scholarship,1,0.0,0.0,1553.0,2137,0.994274
1229,1553.0,1,Scholarship,1,0.0,0.0,1553.0,2138,0.994337
2816,1550.0,1,Endowment,1,0.0,1550.0,0.0,2139,0.9944
2207,1548.0,1,Scholarship,1,0.0,0.0,1548.0,2140,0.994463
2655,1536.0,1,Campus Resource,1,1536.0,0.0,0.0,2141,0.994525
2854,1517.0,1,Endowment,1,0.0,1517.0,0.0,2142,0.994587
1473,1509.0,1,Scholarship,1,0.0,0.0,1509.0,2143,0.994648
2797,1495.0,1,Endowment,1,0.0,1495.0,0.0,2144,0.994708
2675,1492.0,1,Scholarship,1,0.0,0.0,1492.0,2145,0.994769
2955,1491.0,1,Campus Resource,1,1491.0,0.0,0.0,2146,0.994829
2269,1470.0,1,Scholarship,1,0.0,0.0,1470.0,2147,0.994889
3180,1467.0,1,Scholarship,1,0.0,0.0,1467.0,2148,0.994948
2209,1440.0,1,Endowment,1,0.0,1440.0,0.0,2149,0.995007
2181,1438.0,1,Scholarship,1,0.0,0.0,1438.0,2150,0.995065
2515,1435.0,2,Campus Resource,2,1392.0,0.0,43.0,2151,0.995123
2298,1429.0,1,Scholarship,1,0.0,0.0,1429.0,2152,0.995181
1504,1428.0,2,Endowment,2,0.0,714.0,714.0,2153,0.995239
2480,1414.0,2,Endowment,2,84.0,1330.0,0.0,2154,0.995296
1531,1398.0,2,Endowment,2,0.0,699.0,699.0,2155,0.995353
3119,1395.0,1,Campus Resource,1,1395.0,0.0,0.0,2156,0.995409
1619,1392.0,2,Campus Resource,2,696.0,696.0,0.0,2157,0.995466
2371,1389.0,1,Scholarship,1,0.0,0.0,1389.0,2158,0.995522
3272,1380.0,1,Endowment,1,0.0,1380.0,0.0,2159,0.995578
3214,1378.0,1,Campus Resource,1,1378.0,0.0,0.0,2160,0.995634
2901,1367.0,1,Campus Resource,1,1367.0,0.0,0.0,2161,0.995689
3152,1329.0,1,Scholarship,1,0.0,0.0,1329.0,2162,0.995743
2669,1328.0,1,Endowment,1,0.0,1328.0,0.0,2163,0.995797
1742,1325.0,1,Endowment,1,0.0,1325.0,0.0,2164,0.995851
1347,1322.0,1,Endowment,1,0.0,1322.0,0.0,2165,0.995904
3202,1321.0,1,Endowment,1,0.0,1321.0,0.0,2166,0.995958
2659,1317.0,1,Endowment,1,0.0,1317.0,0.0,2167,0.996011
3243,1316.0,1,Campus Resource,1,1316.0,0.0,0.0,2168,0.996065
1221,1312.0,2,Endowment,2,0.0,999.0,313.0,2169,0.996118
2186,1290.0,1,Campus Resource,1,1290.0,0.0,0.0,2170,0.99617
1497,1286.0,2,Endowment,1,0.0,1286.0,0.0,2171,0.996222
3057,1286.0,1,Scholarship,1,0.0,0.0,1286.0,2172,0.996274
3134,1269.0,1,Endowment,1,0.0,1269.0,0.0,2173,0.996326
1529,1262.0,2,Scholarship,1,0.0,0.0,1262.0,2174,0.996377
3252,1248.0,1,Campus Resource,1,1248.0,0.0,0.0,2175,0.996427
1351,1231.0,1,Scholarship,1,0.0,0.0,1231.0,2176,0.996477
2730,1220.0,1,Scholarship,1,0.0,0.0,1220.0,2177,0.996527
1605,1210.0,2,Endowment,2,0.0,605.0,605.0,2178,0.996576
2720,1208.0,1,Campus Resource,1,1208.0,0.0,0.0,2179,0.996625
1650,1207.0,1,Endowment,1,0.0,1207.0,0.0,2180,0.996674
1629,1200.0,2,Endowment,2,0.0,600.0,600.0,2181,0.996722
1719,1181.0,1,Scholarship,1,0.0,0.0,1181.0,2182,0.99677
3115,1180.0,1,Campus Resource,1,1180.0,0.0,0.0,2183,0.996818
2242,1144.0,1,Scholarship,1,0.0,0.0,1144.0,2184,0.996864
2964,1137.0,1,Endowment,1,0.0,1137.0,0.0,2185,0.996911
3278,1133.0,1,Endowment,1,0.0,1133.0,0.0,2186,0.996956
1076,1128.0,1,Campus Resource,1,1128.0,0.0,0.0,2187,0.997002
2017,1116.0,2,Endowment,2,0.0,824.0,292.0,2188,0.997047
1686,1115.0,1,Endowment,1,0.0,1115.0,0.0,2189,0.997093
1590,1108.0,2,Scholarship,1,0.0,0.0,1108.0,2190,0.997138
2708,1106.0,1,Endowment,1,0.0,1106.0,0.0,2191,0.997182
2950,1091.0,1,Scholarship,1,0.0,0.0,1091.0,2192,0.997227
2999,1089.0,1,Endowment,1,0.0,1089.0,0.0,2193,0.997271
2036,1080.0,1,Scholarship,1,0.0,0.0,1080.0,2194,0.997314
3223,1077.0,1,Endowment,1,0.0,1077.0,0.0,2195,0.997358
2174,1056.0,1,Campus Resource,1,1056.0,0.0,0.0,2196,0.997401
2795,1050.0,1,Scholarship,1,0.0,0.0,1050.0,2197,0.997443
1795,1049.0,1,Endowment,1,0.0,1049.0,0.0,2198,0.997486
3236,1047.0,1,Endowment,1,0.0,1047.0,0.0,2199,0.997528
2825,1039.0,1,Scholarship,1,0.0,0.0,1039.0,2200,0.997571
1632,1035.0,2,Endowment,1,0.0,1035.0,0.0,2201,0.997612
2657,1024.0,1,Scholarship,1,0.0,0.0,1024.0,2202,0.997654
2347,1010.0,1,Campus Resource,1,1010.0,0.0,0.0,2203,0.997695
2307,1006.0,1,Campus Resource,1,1006.0,0.0,0.0,2204,0.997736
1665,1001.0,1,Scholarship,1,0.0,0.0,1001.0,2205,0.997776
1687,999.0,1,Endowment,1,0.0,999.0,0.0,2206,0.997817
1861,998.0,1,Scholarship,1,0.0,0.0,998.0,2207,0.997857
1276,998.0,1,Endowment,1,0.0,998.0,0.0,2208,0.997898
1804,989.0,1,Scholarship,1,0.0,0.0,989.0,2209,0.997938
3168,981.0,1,Campus Resource,1,981.0,0.0,0.0,2210,0.997978
1164,960.0,1,Scholarship,1,0.0,0.0,960.0,2211,0.998016
2413,951.0,2,Campus Resource,2,700.0,0.0,251.0,2212,0.998055
3315,936.0,1,Scholarship,1,0.0,0.0,936.0,2213,0.998093
3110,934.0,1,Endowment,1,0.0,934.0,0.0,2214,0.998131
1723,911.0,1,Endowment,1,0.0,911.0,0.0,2215,0.998168
2005,911.0,2,Campus Resource,2,903.0,0.0,8.0,2216,0.998205
2673,908.0,1,Endowment,1,0.0,908.0,0.0,2217,0.998241
1866,895.0,1,Campus Resource,1,895.0,0.0,0.0,2218,0.998278
1109,892.0,1,Scholarship,1,0.0,0.0,892.0,2219,0.998314
1017,888.0,1,Scholarship,1,0.0,0.0,888.0,2220,0.99835
2900,883.0,1,Endowment,1,0.0,883.0,0.0,2221,0.998386
2712,873.0,1,Campus Resource,1,873.0,0.0,0.0,2222,0.998421
1755,858.0,1,Scholarship,1,0.0,0.0,858.0,2223,0.998456
3248,827.0,1,Scholarship,1,0.0,0.0,827.0,2224,0.998489
2255,796.0,1,Endowment,1,0.0,796.0,0.0,2225,0.998522
2806,795.0,1,Endowment,1,0.0,795.0,0.0,2226,0.998554
3098,790.0,1,Campus Resource,1,790.0,0.0,0.0,2227,0.998586
1008,784.0,1,Scholarship,1,0.0,0.0,784.0,2228,0.998618
1530,766.0,2,Endowment,2,0.0,383.0,383.0,2229,0.998649
3051,750.0,1,Campus Resource,1,750.0,0.0,0.0,2230,0.998679
1731,740.0,1,Campus Resource,1,740.0,0.0,0.0,2231,0.998709
3196,728.0,1,Endowment,1,0.0,728.0,0.0,2232,0.998739
1676,724.0,1,Scholarship,1,0.0,0.0,724.0,2233,0.998768
1129,714.0,1,Campus Resource,1,714.0,0.0,0.0,2234,0.998797
2112,711.0,1,Scholarship,1,0.0,0.0,711.0,2235,0.998826
2872,709.0,1,Endowment,1,0.0,709.0,0.0,2236,0.998854
3287,700.0,1,Scholarship,1,0.0,0.0,700.0,2237,0.998883
2228,669.0,1,Scholarship,1,0.0,0.0,669.0,2238,0.99891
2350,662.0,1,Endowment,1,0.0,662.0,0.0,2239,0.998937
2285,659.0,1,Scholarship,1,0.0,0.0,659.0,2240,0.998963
2035,650.0,1,Campus Resource,1,650.0,0.0,0.0,2241,0.99899
1380,645.0,1,Endowment,1,0.0,645.0,0.0,2242,0.999016
2841,639.0,1,Scholarship,1,0.0,0.0,639.0,2243,0.999042
1853,637.0,1,Scholarship,1,0.0,0.0,637.0,2244,0.999068
1462,628.0,1,Endowment,1,0.0,628.0,0.0,2245,0.999093
2179,625.0,1,Campus Resource,1,625.0,0.0,0.0,2246,0.999118
2765,614.0,2,Campus Resource,2,307.0,307.0,0.0,2247,0.999143
1801,612.0,1,Campus Resource,1,612.0,0.0,0.0,2248,0.999168
2099,599.0,2,Endowment,2,290.0,309.0,0.0,2249,0.999192
1678,584.0,1,Campus Resource,1,584.0,0.0,0.0,2250,0.999216
1050,584.0,1,Scholarship,1,0.0,0.0,584.0,2251,0.99924
2125,582.0,1,Endowment,1,0.0,582.0,0.0,2252,0.999263
1069,572.0,1,Endowment,1,0.0,572.0,0.0,2253,0.999286
2302,555.0,1,Endowment,1,0.0,555.0,0.0,2254,0.999309
2678,548.0,1,Campus Resource,1,548.0,0.0,0.0,2255,0.999331
2990,544.0,1,Endowment,1,0.0,544.0,0.0,2256,0.999353
1005,541.0,2,Campus Resource,2,368.0,0.0,173.0,2257,0.999375
2692,531.0,1,Scholarship,1,0.0,0.0,531.0,2258,0.999397
1789,508.0,1,Scholarship,1,0.0,0.0,508.0,2259,0.999417
2830,498.0,1,Campus Resource,1,498.0,0.0,0.0,2260,0.999437
1524,486.0,2,Endowment,1,0.0,486.0,0.0,2261,0.999457
3228,478.0,1,Scholarship,1,0.0,0.0,478.0,2262,0.999476
2923,477.0,1,Scholarship,1,0.0,0.0,477.0,2263,0.999496
1465,473.0,1,Scholarship,1,0.0,0.0,473.0,2264,0.999515
1450,451.0,1,Scholarship,1,0.0,0.0,451.0,2265,0.999533
2861,434.0,1,Campus Resource,1,434.0,0.0,0.0,2266,0.999551
1358,428.0,1,Campus Resource,1,428.0,0.0,0.0,2267,0.999568
3102,428.0,1,Scholarship,1,0.0,0.0,428.0,2268,0.999586
1860,427.0,1,Endowment,1,0.0,427.0,0.0,2269,0.999603
3220,412.0,1,Endowment,1,0.0,412.0,0.0,2270,0.99962
2857,382.0,1,Endowment,1,0.0,382.0,0.0,2271,0.999635
2717,379.0,1,Scholarship,1,0.0,0.0,379.0,2272,0.99965
1011,373.0,1,Campus Resource,1,373.0,0.0,0.0,2273,0.999666
1581,364.0,2,Scholarship,1,0.0,0.0,364.0,2274,0.99968
1507,350.0,2,Endowment,2,0.0,175.0,175.0,2275,0.999694
2671,340.0,1,Endowment,1,0.0,340.0,0.0,2276,0.999708
3114,338.0,1,Scholarship,1,0.0,0.0,338.0,2277,0.999722
1546,334.0,2,Scholarship,1,0.0,0.0,334.0,2278,0.999735
2808,334.0,1,Scholarship,1,0.0,0.0,334.0,2279,0.999749
2665,331.0,1,Campus Resource,1,331.0,0.0,0.0,2280,0.999762
1770,313.0,1,Campus Resource,1,313.0,0.0,0.0,2281,0.999775
2206,303.0,1,Scholarship,1,0.0,0.0,303.0,2282,0.999787
2738,298.0,2,Campus Resource,2,149.0,0.0,149.0,2283,0.999799
2133,290.0,1,Campus Resource,1,290.0,0.0,0.0,2284,0.999811
1379,284.0,1,Endowment,1,0.0,284.0,0.0,2285,0.999823
2215,280.5,1,Endowment,1,0.0,280.5,0.0,2286,0.999834
1786,267.0,1,Scholarship,1,0.0,0.0,267.0,2287,0.999845
3117,260.0,1,Endowment,1,0.0,260.0,0.0,2288,0.999855
2790,254.0,1,Campus Resource,1,254.0,0.0,0.0,2289,0.999866
2800,237.0,1,Scholarship,1,0.0,0.0,237.0,2290,0.999875
1080,225.0,1,Endowment,1,0.0,225.0,0.0,2291,0.999884
2226,218.0,1,Endowment,1,0.0,218.0,0.0,2292,0.999893
2723,204.0,1,Scholarship,1,0.0,0.0,204.0,2293,0.999902
2341,204.0,1,Campus Resource,1,204.0,0.0,0.0,2294,0.99991
1274,181.0,1,Scholarship,1,0.0,0.0,181.0,2295,0.999917
1855,181.0,1,Campus Resource,1,181.0,0.0,0.0,2296,0.999925
2977,174.0,1,Endowment,1,0.0,174.0,0.0,2297,0.999932
1844,171.0,1,Campus Resource,1,171.0,0.0,0.0,2298,0.999939
1543,166.0,2,Campus Resource,2,83.0,83.0,0.0,2299,0.999945
2650,158.0,1,Endowment,1,0.0,158.0,0.0,2300,0.999952
2702,151.0,1,Campus Resource,1,151.0,0.0,0.0,2301,0.999958
3307,127.0,1,Endowment,1,0.0,127.0,0.0,2302,0.999963
3004,103.0,1,Endowment,1,0.0,103.0,0.0,2303,0.999967
2171,100.0,1,Endowment,1,0.0,100.0,0.0,2304,0.999971
2130,91.0,1,Scholarship,1,0.0,0.0,91.0,2305,0.999975
2895,88.0,1,Endowment,1,0.0,88.0,0.0,2306,0.999978
2798,87.0,1,Scholarship,1,0.0,0.0,87.0,2307,0.999982
1496,82.0,2,Campus Resource,2,41.0,41.0,0.0,2308,0.999985
2636,77.0,1,Endowment,1,0.0,77.0,0.0,2309,0.999988
2967,76.0,1,Scholarship,1,0.0,0.0,76.0,2310,0.999991
3232,43.0,1,Campus Resource,1,43.0,0.0,0.0,2311,0.999993
1125,41.0,1,Campus Resource,1,41.0,0.0,0.0,2312,0.999995
2156,41.0,1,Campus Resource,1,41.0,0.0,0.0,2313,0.999997
2706,36.0,1,Scholarship,1,0.0,0.0,36.0,2314,0.999998
3319,31.0,1,Endowment,1,0.0,31.0,0.0,2315,0.999999
2966,10.0,1,Scholarship,1,0.0,0.0,10.0,2316,1.0
2161,9.0,1,Endowment,1,0.0,9.0,0.0,2317,1.0
